dense,input,depth,implementation,iret,cycles,execution_ms
259,12345672121232,11,solver_cli,72929,72929,6
259,12345672121232,11,gcc_reference,74696,74696,6
307,12345672123212,11,solver_cli,73234,73234,6
307,12345672123212,11,gcc_reference,74948,74948,8
415,12345672321212,11,solver_cli,73442,73442,6
415,12345672321212,11,gcc_reference,75124,75124,6
509,12345673131323,11,solver_cli,73125,73125,7
509,12345673131323,11,gcc_reference,74866,74866,7
533,12345673132313,11,solver_cli,73204,73204,5
533,12345673132313,11,gcc_reference,74916,74916,6
587,12345673231313,11,solver_cli,73549,73549,9
587,12345673231313,11,gcc_reference,75219,75219,7
729,12745631111111,11,solver_cli,65146,65146,7
729,12745631111111,11,gcc_reference,67349,67349,6
741,12745632111122,11,solver_cli,68999,68999,5
741,12745632111122,11,gcc_reference,70989,70989,5
755,12745633131131,11,solver_cli,68593,68593,5
755,12745633131131,11,gcc_reference,70640,70640,5
1089,12745632212213,11,solver_cli,63545,63545,11
1089,12745632212213,11,gcc_reference,66112,66112,5
1091,12745632232211,11,solver_cli,65808,65808,6
1091,12745632232211,11,gcc_reference,68314,68314,10
1093,12745632222221,11,solver_cli,65042,65042,11
1093,12745632222221,11,gcc_reference,67527,67527,7
1449,12745633313312,11,solver_cli,66305,66305,5
1449,12745633313312,11,gcc_reference,68736,68736,6
1450,12745633323311,11,solver_cli,63800,63800,6
1450,12745633323311,11,gcc_reference,66333,66333,9
1455,12745633313333,11,solver_cli,66192,66192,7
1455,12745633313333,11,gcc_reference,68549,68549,9
1463,12645371131121,11,solver_cli,65113,65113,6
1463,12645371131121,11,gcc_reference,67386,67386,6
3645,12345761111111,11,solver_cli,65464,65464,5
3645,12345761111111,11,gcc_reference,67691,67691,7
10206,32145671111111,11,solver_cli,64466,64466,7
10206,32145671111111,11,gcc_reference,66751,66751,4
10288,32145671221112,11,solver_cli,68342,68342,6
10288,32145671221112,11,gcc_reference,70428,70428,5
10386,32145673311113,11,solver_cli,68340,68340,7
10386,32145673311113,11,gcc_reference,70430,70430,7
10481,32145671132222,11,solver_cli,63574,63574,6
10481,32145671132222,11,gcc_reference,66144,66144,6
10497,32145673112222,11,solver_cli,65920,65920,6
10497,32145673112222,11,gcc_reference,68415,68415,5
10569,32145672212222,11,solver_cli,66004,66004,5
10569,32145672212222,11,gcc_reference,68363,68363,13
10753,32145671123333,11,solver_cli,65966,65966,13
10753,32145671123333,11,gcc_reference,68443,68443,10
10761,32145672113333,11,solver_cli,63460,63460,5
10761,32145672113333,11,gcc_reference,66052,66052,6
10916,32145671333333,11,solver_cli,65836,65836,6
10916,32145671333333,11,gcc_reference,68222,68222,6
11563,32745611223332,11,solver_cli,64973,64973,7
11563,32745611223332,11,gcc_reference,67676,67676,7
11626,32745612322331,11,solver_cli,64626,64626,4
11626,32745612322331,11,gcc_reference,67365,67365,5
11649,32745612313322,11,solver_cli,64881,64881,5
11649,32745612313322,11,gcc_reference,67582,67582,6
14957,72145633232231,11,solver_cli,64631,64631,5
14957,72145633232231,11,gcc_reference,67366,67366,6
14963,72145631233223,11,solver_cli,64778,64778,5
14963,72145631233223,11,gcc_reference,67500,67500,4
15033,72145633312223,11,solver_cli,64682,64682,4
15033,72145633312223,11,gcc_reference,67429,67429,6
15309,72345611111111,11,solver_cli,65173,65173,5
15309,72345611111111,11,gcc_reference,67380,67380,5
15346,72345612122111,11,solver_cli,68641,68641,9
15346,72345612122111,11,gcc_reference,70677,70677,4
15365,72345611133113,11,solver_cli,68938,68938,5
15365,72345611133113,11,gcc_reference,70938,70938,5
15637,72345611221223,11,solver_cli,65994,65994,8
15637,72345611221223,11,gcc_reference,68482,68482,6
15655,72345613221221,11,solver_cli,63642,63642,7
15655,72345613221221,11,gcc_reference,66196,66196,8
15664,72345611222222,11,solver_cli,66130,66130,12
15664,72345611222222,11,gcc_reference,68484,68484,7
15965,72345611331332,11,solver_cli,63567,63567,7
15965,72345611331332,11,gcc_reference,66133,66133,6
15974,72345612331331,11,solver_cli,65806,65806,4
15974,72345612331331,11,gcc_reference,68311,68311,7
16037,72345613333331,11,solver_cli,65182,65182,7
16037,72345613333331,11,gcc_reference,67645,67645,7
17541,42315673112111,11,solver_cli,65214,65214,7
17541,42315673112111,11,gcc_reference,67470,67470,5
19288,42615372221213,11,solver_cli,66156,66156,8
19288,42615372221213,11,gcc_reference,68431,68431,7
19422,42615372313211,11,solver_cli,68956,68956,5
19422,42615372313211,11,gcc_reference,71297,71297,5
19584,42615372213311,11,solver_cli,68709,68709,8
19584,42615372213311,11,gcc_reference,71104,71104,7
19662,42615371313332,11,solver_cli,66133,66133,8
19662,42615371313332,11,gcc_reference,68411,68411,7
26456,32615473332122,11,solver_cli,67501,67501,5
26456,32615473332122,11,gcc_reference,69792,69792,9
36607,42165373223123,11,solver_cli,67541,67541,10
36607,42165373223123,11,gcc_reference,69829,69829,5
39366,12365471111111,11,solver_cli,64229,64229,11
39366,12365471111111,11,gcc_reference,66363,66363,8
39450,12365471211122,11,solver_cli,71420,71420,11
39450,12365471211122,11,gcc_reference,73327,73327,7
39582,12365471313113,11,solver_cli,71328,71328,6
39582,12365471313113,11,gcc_reference,73256,73256,6
39760,12365472223232,11,solver_cli,65516,65516,4
39760,12365472223232,11,gcc_reference,67888,67888,9
39787,12365472321233,11,solver_cli,68979,68979,9
39787,12365472321233,11,gcc_reference,71036,71036,4
39980,12365473232312,11,solver_cli,68974,68974,5
39980,12365473232312,11,gcc_reference,71022,71022,5
40064,12365473332323,11,solver_cli,65567,65567,6
40064,12365473332323,11,gcc_reference,67918,67918,6
40357,12765433121213,11,solver_cli,64057,64057,7
40357,12765433121213,11,gcc_reference,66652,66652,5
40456,12765432222212,11,solver_cli,64627,64627,5
40456,12765432222212,11,gcc_reference,67318,67318,7
40591,12765432121313,11,solver_cli,66053,66053,7
40591,12765432121313,11,gcc_reference,68271,68271,7
40769,12765433331333,11,solver_cli,66524,66524,6
40769,12765433331333,11,gcc_reference,68960,68960,6
43557,12365741113331,11,solver_cli,68827,68827,11
43557,12365741113331,11,gcc_reference,71173,71173,5
44470,32765411121113,11,solver_cli,65873,65873,4
44470,32765411121113,11,gcc_reference,68101,68101,5
44471,32765411131112,11,solver_cli,65079,65079,5
44471,32765411131112,11,gcc_reference,67238,67238,5
44525,32765411133113,11,solver_cli,70870,70870,6
44525,32765411133113,11,gcc_reference,72776,72776,6
44633,32765411331113,11,solver_cli,69884,69884,8
44633,32765411331113,11,gcc_reference,71919,71919,8
44742,32765411112221,11,solver_cli,67790,67790,8
44742,32765411112221,11,gcc_reference,69819,69819,8
44758,32765413122212,11,solver_cli,67080,67080,5
44758,32765413122212,11,gcc_reference,69361,69361,5
44816,32765413231223,11,solver_cli,68126,68126,9
44816,32765413231223,11,gcc_reference,69942,69942,7
44941,32765412323222,11,solver_cli,65563,65563,7
44941,32765412323222,11,gcc_reference,67932,67932,7
45046,32765412221312,11,solver_cli,64973,64973,8
45046,32765412221312,11,gcc_reference,67385,67385,5
45109,32765413223312,11,solver_cli,65780,65780,8
45109,32765413223312,11,gcc_reference,68186,68186,9
45163,32765413322312,11,solver_cli,65637,65637,8
45163,32765413322312,11,gcc_reference,68174,68174,8
45237,32465172112121,11,solver_cli,64677,64677,9
45237,32465172112121,11,gcc_reference,67076,67076,9
45242,32465172132131,11,solver_cli,65651,65651,8
45242,32465172132131,11,gcc_reference,68035,68035,9
45248,32465173132121,11,solver_cli,66587,66587,10
45248,32465173132121,11,gcc_reference,68802,68802,6
45266,32465172133121,11,solver_cli,67717,67717,11
45266,32465172133121,11,gcc_reference,69971,69971,9
45272,32465173133111,11,solver_cli,63396,63396,5
45272,32465173133111,11,gcc_reference,65799,65799,8
45274,32465173123121,11,solver_cli,67290,67290,8
45274,32465173123121,11,gcc_reference,69788,69788,8
45599,32465173233221,11,solver_cli,65089,65089,10
45599,32465173233221,11,gcc_reference,67156,67156,8
45887,32465172332321,11,solver_cli,66593,66593,4
45887,32465172332321,11,gcc_reference,68918,68918,8
47385,32165741111111,11,solver_cli,68705,68705,10
47385,32165741111111,11,gcc_reference,70864,70864,10
47391,32165741111132,11,solver_cli,66718,66718,9
47391,32165741111132,11,gcc_reference,69075,69075,10
47475,32165742211112,11,solver_cli,64887,64887,8
47475,32165742211112,11,gcc_reference,67096,67096,8
47558,32165742331112,11,solver_cli,74943,74943,6
47558,32165742331112,11,gcc_reference,75881,75881,7
47571,32165743311131,11,solver_cli,64940,64940,7
47571,32165743311131,11,gcc_reference,67126,67126,8
47768,32165741233223,11,solver_cli,64518,64518,9
47768,32165741233223,11,gcc_reference,66762,66762,6
48123,72165432111113,11,solver_cli,65113,65113,8
48123,72165432111113,11,gcc_reference,67264,67264,9
48126,72165432111122,11,solver_cli,70889,70889,8
48126,72165432111122,11,gcc_reference,72786,72786,9
48132,72165433111112,11,solver_cli,65894,65894,8
48132,72165433111112,11,gcc_reference,68114,68114,4
48204,72165432211112,11,solver_cli,69816,69816,7
48204,72165432211112,11,gcc_reference,71855,71855,6
48463,72165433221233,11,solver_cli,65461,65461,8
48463,72165433221233,11,gcc_reference,68035,68035,8
48539,72165433331213,11,solver_cli,64755,64755,7
48539,72165433331213,11,gcc_reference,67207,67207,6
48541,72165433321223,11,solver_cli,65556,65556,7
48541,72165433321223,11,gcc_reference,68006,68006,8
48625,72165433121333,11,solver_cli,67004,67004,8
48625,72165433121333,11,gcc_reference,69296,69296,8
48660,72165431113331,11,solver_cli,67835,67835,8
48660,72165431113331,11,gcc_reference,69863,69863,5
48758,72165433233323,11,solver_cli,65566,65566,10
48758,72165433233323,11,gcc_reference,67925,67925,9
48826,72165432323312,11,solver_cli,67844,67844,10
48826,72165432323312,11,gcc_reference,69712,69712,8
49106,72365413131212,11,solver_cli,66031,66031,8
49106,72365413131212,11,gcc_reference,68252,68252,9
49204,72365412222212,11,solver_cli,66502,66502,8
49204,72365412222212,11,gcc_reference,68939,68939,5
49348,72365413121312,11,solver_cli,64039,64039,8
49348,72365413121312,11,gcc_reference,66636,66636,8
49517,72365413331333,11,solver_cli,64598,64598,8
49517,72365413331333,11,gcc_reference,67294,67294,8
61262,62135473131131,11,solver_cli,65715,65715,4
61262,62135473131131,11,gcc_reference,68088,68088,5
61267,62135471122121,11,solver_cli,67443,67443,8
61267,62135471122121,11,gcc_reference,69909,69909,8
61280,62135472132131,11,solver_cli,64611,64611,6
61280,62135472132131,11,gcc_reference,67036,67036,7
61286,62135473132121,11,solver_cli,67661,67661,4
61286,62135473132121,11,gcc_reference,69935,69935,7
61288,62135473122131,11,solver_cli,66679,66679,7
61288,62135473122131,11,gcc_reference,68880,68880,8
61312,62135473123121,11,solver_cli,63347,63347,7
61312,62135473123121,11,gcc_reference,65772,65772,8
61613,62135473232231,11,solver_cli,66393,66393,6
61613,62135473232231,11,gcc_reference,68751,68751,7
61933,62135473322321,11,solver_cli,64933,64933,7
61933,62135473322321,11,gcc_reference,67020,67020,7
62790,62435172211133,11,solver_cli,68241,68241,8
62790,62435172211133,11,gcc_reference,70142,70142,7
62871,62435172311132,11,solver_cli,68328,68328,9
62871,62435172311132,11,gcc_reference,70210,70210,9
63820,62735143223213,11,solver_cli,64470,64470,9
63820,62735143223213,11,gcc_reference,66679,66679,5
64507,62435711222222,11,solver_cli,65819,65819,10
64507,62435711222222,11,gcc_reference,68141,68141,9
65334,62135743312223,11,solver_cli,63537,63537,6
65334,62135743312223,11,gcc_reference,65659,65659,7
65500,62135743222331,11,solver_cli,66416,66416,6
65500,62135743222331,11,gcc_reference,68638,68638,8
67790,72435163333313,11,solver_cli,64544,64544,7
67790,72435163333313,11,gcc_reference,66735,66735,7
75333,12375461111222,11,solver_cli,68826,68826,8
75333,12375461111222,11,gcc_reference,71159,71159,7
76599,12375641113112,11,solver_cli,65527,65527,8
76599,12375641113112,11,gcc_reference,67757,67757,7
80869,62475131322323,11,solver_cli,65983,65983,7
80869,62475131322323,11,gcc_reference,68275,68275,7
83106,32175461111111,11,solver_cli,66714,66714,7
83106,32175461111111,11,gcc_reference,69060,69060,5
83160,32175461113112,11,solver_cli,68446,68446,7
83160,32175461113112,11,gcc_reference,70662,70662,7
83188,32175461221112,11,solver_cli,64841,64841,7
83188,32175461221112,11,gcc_reference,67053,67053,7
83252,32175462233111,11,solver_cli,75099,75099,8
83252,32175462233111,11,gcc_reference,75999,75999,4
83324,32175461333111,11,solver_cli,64860,64860,7
83324,32175461333111,11,gcc_reference,67073,67073,7
83793,32175462312323,11,solver_cli,64615,64615,7
83793,32175462312323,11,gcc_reference,66845,66845,6
84992,32475163331222,11,solver_cli,66326,66326,7
84992,32475163331222,11,gcc_reference,68572,68572,4
85163,32475161232323,11,solver_cli,63641,63641,10
85163,32475161232323,11,gcc_reference,65757,65757,11
87480,14325671111111,11,solver_cli,64688,64688,11
87480,14325671111111,11,gcc_reference,66774,66774,11
87519,14325672112121,11,solver_cli,71230,71230,13
87519,14325672112121,11,gcc_reference,73160,73160,8
87666,14325673311131,11,solver_cli,70467,70467,6
87666,14325673311131,11,gcc_reference,72502,72502,8
87802,14325673123232,11,solver_cli,68759,68759,9
87802,14325673123232,11,gcc_reference,70827,70827,5
87952,14325672323222,11,solver_cli,65165,65165,9
87952,14325672323222,11,gcc_reference,67576,67576,9
88061,14325672231323,11,solver_cli,68440,68440,9
88061,14325672231323,11,gcc_reference,70538,70538,5
88100,14325673232333,11,solver_cli,66087,66087,7
88100,14325673232333,11,gcc_reference,68370,68370,5
89667,14725361111111,11,solver_cli,68556,68556,9
89667,14725361111111,11,gcc_reference,70748,70748,8
89670,14725361111123,11,solver_cli,65516,65516,8
89670,14725361111123,11,gcc_reference,67766,67766,7
89760,14725362211121,11,solver_cli,66931,66931,7
89760,14725362211121,11,gcc_reference,69311,69311,8
89823,14725363213121,11,solver_cli,73136,73136,8
89823,14725363213121,11,gcc_reference,73937,73937,9
89847,14725363311113,11,solver_cli,67238,67238,8
89847,14725363311113,11,gcc_reference,69540,69540,8
90009,14725363211213,11,solver_cli,74352,74352,5
90009,14725363211213,11,gcc_reference,75356,75356,8
90064,14725363223213,11,solver_cli,72690,72690,8
90064,14725363223213,11,gcc_reference,73577,73577,7
90349,14725361322332,11,solver_cli,66841,66841,5
90349,14725361322332,11,gcc_reference,68994,68994,6
90396,14625731111111,11,solver_cli,65212,65212,8
90396,14625731111111,11,gcc_reference,67507,67507,7
90401,14625731131121,11,solver_cli,68509,68509,8
90401,14625731131121,11,gcc_reference,70707,70707,9
90435,14625732112121,11,solver_cli,67182,67182,4
90435,14625732112121,11,gcc_reference,69498,69498,7
90470,14625733133111,11,solver_cli,66768,66768,6
90470,14625733133111,11,gcc_reference,69164,69164,5
90542,14625732233111,11,solver_cli,72764,72764,7
90542,14625732233111,11,gcc_reference,73607,73607,6
90835,14625731322233,11,solver_cli,67129,67129,9
90835,14625731322233,11,gcc_reference,69247,69247,5
90948,14625732113321,11,solver_cli,74595,74595,6
90948,14625732113321,11,gcc_reference,75579,75579,7
91029,14625732213323,11,solver_cli,72207,72207,7
91029,14625732213323,11,gcc_reference,73163,73163,6
93800,64125371131313,11,solver_cli,64940,64940,9
93800,64125371131313,11,gcc_reference,67266,67266,5
95764,64325713121222,11,solver_cli,65006,65006,6
95764,64325713121222,11,gcc_reference,67322,67322,5
96480,34625172111212,11,solver_cli,64484,64484,4
96480,34625172111212,11,gcc_reference,66846,66846,6
97940,34125672131213,11,solver_cli,65625,65625,5
97940,34125672131213,11,gcc_reference,67896,67896,4
98023,34125672221222,11,solver_cli,67214,67214,8
98023,34125672221222,11,gcc_reference,69573,69573,8
98183,34125672131312,11,solver_cli,63948,63948,5
98183,34125672131312,11,gcc_reference,66543,66543,8
98252,34125673133333,11,solver_cli,65323,65323,8
98252,34125673133333,11,gcc_reference,67927,67927,10
98424,34725612111113,11,solver_cli,65576,65576,4
98424,34725612111113,11,gcc_reference,67652,67652,8
98433,34725613111112,11,solver_cli,66445,66445,8
98433,34725613111112,11,gcc_reference,68565,68565,8
98439,34725613111133,11,solver_cli,70214,70214,8
98439,34725613111133,11,gcc_reference,72204,72204,4
98595,34725613311113,11,solver_cli,70444,70444,6
98595,34725613311113,11,gcc_reference,72394,72394,5
98708,34725613132223,11,solver_cli,68180,68180,7
98708,34725613132223,11,gcc_reference,69995,69995,7
98750,34725612231212,11,solver_cli,66788,66788,7
98750,34725612231212,11,gcc_reference,69098,69098,7
98766,34725611212211,11,solver_cli,67894,67894,6
98766,34725611212211,11,gcc_reference,69906,69906,4
98863,34725612322232,11,solver_cli,65333,65333,5
98863,34725612322232,11,gcc_reference,67719,67719,8
98914,34725612121322,11,solver_cli,65039,65039,7
98914,34725612121322,11,gcc_reference,67448,67448,6
98999,34725612231332,11,solver_cli,65476,65476,6
98999,34725612231332,11,gcc_reference,68035,68035,5
99077,34725612331322,11,solver_cli,65123,65123,8
99077,34725612331322,11,gcc_reference,67609,67609,8
101840,74325163131323,11,solver_cli,64575,64575,7
101840,74325163131323,11,gcc_reference,66922,66922,7
102071,74125632131111,11,solver_cli,66467,66467,8
102071,74125632131111,11,gcc_reference,68591,68591,4
102073,74125632121121,11,solver_cli,70804,70804,9
102073,74125632121121,11,gcc_reference,72710,72710,7
102079,74125633121111,11,solver_cli,65500,65500,8
102079,74125633121111,11,gcc_reference,67582,67582,7
102097,74125632122111,11,solver_cli,70094,70094,8
102097,74125632122111,11,gcc_reference,72085,72085,8
102329,74125633131233,11,solver_cli,65271,65271,9
102329,74125633131233,11,gcc_reference,67654,67654,7
102356,74125633132232,11,solver_cli,65388,65388,7
102356,74125633132232,11,gcc_reference,67848,67848,7
102380,74125633133222,11,solver_cli,65354,65354,9
102380,74125633133222,11,gcc_reference,67949,67949,7
102620,74125633133312,11,solver_cli,66302,66302,8
102620,74125633133312,11,gcc_reference,68684,68684,8
102724,74125632321332,11,solver_cli,68395,68395,9
102724,74125632321332,11,gcc_reference,70197,70197,7
102758,74125633332323,11,solver_cli,65549,65549,5
102758,74125633332323,11,gcc_reference,67904,67904,7
102762,74125631313311,11,solver_cli,67537,67537,5
102762,74125631313311,11,gcc_reference,69592,69592,7
103052,74325613131212,11,solver_cli,64393,64393,5
103052,74325613131212,11,gcc_reference,66932,66932,9
103126,74325612221222,11,solver_cli,65132,65132,9
103126,74325612221222,11,gcc_reference,67760,67760,4
103294,74325613121312,11,solver_cli,65316,65316,4
103294,74325613121312,11,gcc_reference,67634,67634,8
103355,74325613133333,11,solver_cli,66336,66336,8
103355,74325613133333,11,gcc_reference,68808,68808,5
105642,24315673311311,11,solver_cli,68952,68952,8
105642,24315673311311,11,gcc_reference,71257,71257,5
105705,24715631111111,11,solver_cli,66914,66914,5
105705,24715631111111,11,gcc_reference,69249,69249,8
105731,24715633131131,11,solver_cli,64643,64643,8
105731,24715633131131,11,gcc_reference,66864,66864,5
105736,24715631122121,11,solver_cli,64369,64369,8
105736,24715631122121,11,gcc_reference,66637,66637,8
105739,24715631122133,11,solver_cli,75195,75195,9
105739,24715631122133,11,gcc_reference,76095,76095,8
105750,24715633112111,11,solver_cli,68587,68587,8
105750,24715633112111,11,gcc_reference,70771,70771,7
106176,24715632313223,11,solver_cli,65018,65018,8
106176,24715632313223,11,gcc_reference,67197,67197,7
106953,24615371112332,11,solver_cli,65665,65665,6
106953,24615371112332,11,gcc_reference,67986,67986,7
107064,24615372213311,11,solver_cli,64013,64013,7
107064,24615372213311,11,gcc_reference,66102,66102,8
107835,24715363311332,11,solver_cli,66247,66247,8
107835,24715363311332,11,gcc_reference,68486,68486,5
108075,24615733311122,11,solver_cli,68663,68663,8
108075,24615733311122,11,gcc_reference,70606,70606,5
108390,24615732111323,11,solver_cli,66522,66522,9
108390,24615732111323,11,gcc_reference,68639,68639,7
108406,24615731122313,11,solver_cli,66534,66534,7
108406,24615731122313,11,gcc_reference,68848,68848,7
108413,24615731132333,11,solver_cli,66019,66019,7
108413,24615731132333,11,gcc_reference,68209,68209,4
108453,24615733113323,11,solver_cli,67439,67439,7
108453,24615733113323,11,gcc_reference,69606,69606,6
108522,24615732213311,11,solver_cli,64822,64822,6
108522,24615732213311,11,gcc_reference,67106,67106,7
108527,24615732233321,11,solver_cli,66985,66985,7
108527,24615732233321,11,gcc_reference,69317,69317,4
109138,24315761122322,11,solver_cli,65015,65015,8
109138,24315761122322,11,gcc_reference,67233,67233,8
109254,24315762213323,11,solver_cli,62531,62531,8
109254,24315762213323,11,gcc_reference,64771,64771,8
114547,34715262221123,11,solver_cli,64861,64861,8
114547,34715262221123,11,gcc_reference,67487,67487,9
124786,24765313222112,11,solver_cli,67548,67548,7
124786,24765313222112,11,gcc_reference,69596,69596,8
127608,14765231112131,11,solver_cli,67276,67276,8
127608,14765231112131,11,gcc_reference,69388,69388,8
127632,14765231113121,11,solver_cli,67058,67058,7
127632,14765231113121,11,gcc_reference,69186,69186,8
127637,14765231133131,11,solver_cli,69159,69159,8
127637,14765231133131,11,gcc_reference,71129,71129,9
127653,14765233113131,11,solver_cli,68166,68166,8
127653,14765233113131,11,gcc_reference,70257,70257,8
127818,14765231111213,11,solver_cli,64645,64645,8
127818,14765231111213,11,gcc_reference,67055,67055,5
127908,14765232211211,11,solver_cli,68794,68794,5
127908,14765232211211,11,gcc_reference,70867,70867,9
128061,14765231111312,11,solver_cli,64674,64674,9
128061,14765231111312,11,gcc_reference,67088,67088,8
128183,14765232232322,11,solver_cli,69755,69755,8
128183,14765232232322,11,gcc_reference,71882,71882,8
128234,14765232331313,11,solver_cli,64689,64689,4
128234,14765232331313,11,gcc_reference,67024,67024,7
128302,14765233323332,11,solver_cli,71431,71431,7
128302,14765233323332,11,gcc_reference,73457,73457,7
131307,34165271211131,11,solver_cli,66868,66868,7
131307,34165271211131,11,gcc_reference,69035,69035,4
131385,34165271311121,11,solver_cli,66737,66737,5
131385,34165271311121,11,gcc_reference,68922,68922,6
131388,34165271311133,11,solver_cli,68678,68678,6
131388,34165271311133,11,gcc_reference,70729,70729,7
131406,34165273311131,11,solver_cli,68234,68234,7
131406,34165273311131,11,gcc_reference,70326,70326,7
131465,34165271131211,11,solver_cli,65102,65102,6
131465,34165271131211,11,gcc_reference,67436,67436,3
131490,34165271112212,11,solver_cli,69032,69032,7
131490,34165271112212,11,gcc_reference,71080,71080,4
131707,34165271121311,11,solver_cli,65042,65042,8
131707,34165271121311,11,gcc_reference,67392,67392,6
131780,34165273133312,11,solver_cli,65461,65461,5
131780,34165273133312,11,gcc_reference,67700,67700,6
131836,34165273222322,11,solver_cli,70299,70299,5
131836,34165273222322,11,gcc_reference,72334,72334,8
131938,34165272323333,11,solver_cli,70721,70721,9
131938,34165272323333,11,gcc_reference,72849,72849,9
134259,34265712212132,11,solver_cli,64593,64593,9
134259,34265712212132,11,gcc_reference,67258,67258,5
135604,74165232121112,11,solver_cli,74170,74170,6
135604,74165232121112,11,gcc_reference,75999,75999,7
135614,74165233131113,11,solver_cli,82577,82577,8
135614,74165233131113,11,gcc_reference,82490,82490,7
135705,74165231212121,11,solver_cli,83974,83974,8
135705,74165231212121,11,gcc_reference,83952,83952,7
135816,74165231313131,11,solver_cli,72761,72761,4
135816,74165231313131,11,gcc_reference,74518,74518,8
135838,74165231121212,11,solver_cli,71641,71641,5
135838,74165231121212,11,gcc_reference,73505,73505,7
135846,74165232111212,11,solver_cli,72010,72010,6
135846,74165232111212,11,gcc_reference,73805,73805,8
135847,74165232121211,11,solver_cli,72551,72551,6
135847,74165232121211,11,gcc_reference,74459,74459,5
136082,74165231131313,11,solver_cli,83300,83300,8
136082,74165231131313,11,gcc_reference,83103,83103,7
136098,74165233111313,11,solver_cli,82402,82402,7
136098,74165233111313,11,gcc_reference,82333,82333,5
136100,74165233131311,11,solver_cli,82793,82793,6
136100,74165233131311,11,gcc_reference,82669,82669,5
136103,74165233131323,11,solver_cli,80445,80445,6
136103,74165233131323,11,gcc_reference,80406,80406,7
136127,74165233132313,11,solver_cli,80739,80739,6
136127,74165233132313,11,gcc_reference,80642,80642,4
136181,74165233231313,11,solver_cli,82792,82792,7
136181,74165233231313,11,gcc_reference,82775,82775,7
136458,74365211213111,11,solver_cli,66467,66467,4
136458,74365211213111,11,gcc_reference,68700,68700,5
136512,74365211312111,11,solver_cli,66343,66343,8
136512,74365211312111,11,gcc_reference,68599,68599,6
136539,74365211313113,11,solver_cli,69010,69010,7
136539,74365211313113,11,gcc_reference,71014,71014,5
136541,74365211333111,11,solver_cli,68647,68647,8
136541,74365211333111,11,gcc_reference,70696,70696,7
136570,74365211121221,11,solver_cli,68342,68342,9
136570,74365211121221,11,gcc_reference,70476,70476,6
136584,74365213111211,11,solver_cli,64859,64859,8
136584,74365213111211,11,gcc_reference,67224,67224,8
136818,74365212111311,11,solver_cli,65031,65031,5
136818,74365212111311,11,gcc_reference,67372,67372,6
136834,74365213121333,11,solver_cli,65215,65215,5
136834,74365213121333,11,gcc_reference,67481,67481,7
136930,74365212222323,11,solver_cli,69854,69854,6
136930,74365212222323,11,gcc_reference,71959,71959,6
137042,74365212333332,11,solver_cli,71466,71466,7
137042,74365212333332,11,gcc_reference,73480,73480,5
138986,74265312333233,11,solver_cli,68446,68446,7
138986,74265312333233,11,gcc_reference,70840,70840,7
146611,14735621221112,11,solver_cli,65241,65241,6
146611,14735621221112,11,gcc_reference,67672,67672,4
146665,14735621223113,11,solver_cli,65625,65625,7
146665,14735621223113,11,gcc_reference,67898,67898,5
146666,14735621233112,11,solver_cli,67256,67256,8
146666,14735621233112,11,gcc_reference,69395,69395,7
146720,14735621332112,11,solver_cli,63695,63695,8
146720,14735621332112,11,gcc_reference,66078,66078,7
146746,14735621323112,11,solver_cli,68518,68518,8
146746,14735621323112,11,gcc_reference,70663,70663,6
146747,14735621333111,11,solver_cli,67573,67573,9
146747,14735621333111,11,gcc_reference,70034,70034,8
146993,14735621333222,11,solver_cli,65010,65010,8
146993,14735621333222,11,gcc_reference,67071,67071,8
147157,14735621223332,11,solver_cli,67509,67509,8
147157,14735621223332,11,gcc_reference,69713,69713,7
163534,14275633323122,11,solver_cli,67220,67220,9
163534,14275633323122,11,gcc_reference,69566,69566,9
167766,64275132211133,11,solver_cli,68758,68758,5
167766,64275132211133,11,gcc_reference,70792,70792,9
167771,64275133231112,11,solver_cli,65658,65658,9
167771,64275133231112,11,gcc_reference,67888,67888,8
167795,64275132232133,11,solver_cli,69988,69988,5
167795,64275132232133,11,gcc_reference,72011,72011,5
167862,64275131312123,11,solver_cli,66941,66941,7
167862,64275131312123,11,gcc_reference,69170,69170,10
168024,64275131212223,11,solver_cli,67225,67225,10
168024,64275131212223,11,gcc_reference,69516,69516,10
168120,64275133312211,11,solver_cli,63609,63609,5
168120,64275133312211,11,gcc_reference,65928,65928,9
169483,64275311222222,11,solver_cli,65755,65755,9
169483,64275311222222,11,gcc_reference,68065,68065,8
169578,64275313312211,11,solver_cli,66698,66698,10
169578,64275313312211,11,gcc_reference,68795,68795,9
169647,64275311112332,11,solver_cli,65718,65718,4
169647,64275311112332,11,gcc_reference,68039,68039,8
171016,34175263321232,11,solver_cli,68044,68044,8
171016,34175263321232,11,gcc_reference,70489,70489,8
171436,34675212222122,11,solver_cli,67617,67617,10
171436,34675212222122,11,gcc_reference,69649,69649,6
172434,34275162213221,11,solver_cli,67518,67518,6
172434,34275162213221,11,gcc_reference,69898,69898,10
172476,34275161312213,11,solver_cli,63866,63866,8
172476,34275161312213,11,gcc_reference,66366,66366,12
172569,34275162112322,11,solver_cli,67769,67769,10
172569,34275162112322,11,gcc_reference,70035,70035,11
175311,41325671212211,11,solver_cli,68593,68593,11
175311,41325671212211,11,gcc_reference,70947,70947,14
175689,41725631111111,11,solver_cli,68485,68485,13
175689,41725631111111,11,gcc_reference,70682,70682,13
175711,41725633121123,11,solver_cli,74847,74847,14
175711,41725633121123,11,gcc_reference,75767,75767,14
175713,41725633111133,11,solver_cli,64141,64141,9
175713,41725633111133,11,gcc_reference,66444,66444,7
175773,41725631211122,11,solver_cli,64263,64263,6
175773,41725631211122,11,gcc_reference,66540,66540,9
175788,41725633211111,11,solver_cli,66887,66887,8
175788,41725633211111,11,gcc_reference,69220,69220,8
176380,41725632322331,11,solver_cli,65104,65104,6
176380,41725632322331,11,gcc_reference,67265,67265,4
176680,41625373121213,11,solver_cli,64170,64170,7
176680,41625373121213,11,gcc_reference,66501,66501,8
176886,41625372313211,11,solver_cli,62513,62513,8
176886,41625372313211,11,gcc_reference,64752,64752,8
177257,41725361232113,11,solver_cli,68286,68286,8
177257,41725361232113,11,gcc_reference,70276,70276,4
177412,41725363121222,11,solver_cli,67138,67138,7
177412,41725363121222,11,gcc_reference,69363,69363,7
177415,41725363121231,11,solver_cli,65960,65960,5
177415,41725363121231,11,gcc_reference,68162,68162,7
177481,41725362221213,11,solver_cli,66132,66132,7
177481,41725362221213,11,gcc_reference,68313,68313,5
177553,41725361321213,11,solver_cli,67740,67740,4
177553,41725361321213,11,gcc_reference,69862,69862,8
177615,41725362313211,11,solver_cli,67319,67319,7
177615,41725362313211,11,gcc_reference,69622,69622,7
177618,41725362313223,11,solver_cli,65229,65229,7
177618,41725362313223,11,gcc_reference,67457,67457,5
178234,41625731222231,11,solver_cli,66233,66233,5
178234,41625731222231,11,gcc_reference,68466,68466,9
178874,41325763131233,11,solver_cli,65831,65831,7
178874,41325763131233,11,gcc_reference,68143,68143,7
179076,41325762313223,11,solver_cli,64197,64197,7
179076,41325762313223,11,gcc_reference,66272,66272,7
188241,71625433213133,11,solver_cli,64785,64785,4
188241,71625433213133,11,gcc_reference,67417,67417,4
192456,21345671111111,11,solver_cli,65617,65617,7
192456,21345671111111,11,gcc_reference,67829,67829,7
196559,21345763332233,11,solver_cli,66102,66102,7
196559,21345763332233,11,gcc_reference,68382,68382,7
196572,21345762313223,11,solver_cli,68634,68634,8
196572,21345762313223,11,gcc_reference,71029,71029,5
196735,21345762223322,11,solver_cli,66367,66367,5
196735,21345762223322,11,gcc_reference,68610,68610,7
196788,21345762312323,11,solver_cli,68405,68405,8
196788,21345762312323,11,gcc_reference,70816,70816,8
206351,71345262132131,11,solver_cli,67245,67245,9
206351,71345262132131,11,gcc_reference,69570,69570,4
214174,21365742221312,11,solver_cli,65812,65812,7
214174,21365742221312,11,gcc_reference,68111,68111,7
214284,21365742312323,11,solver_cli,64275,64275,7
214284,21365742312323,11,gcc_reference,66343,66343,4
215441,41765231233232,11,solver_cli,68842,68842,7
215441,41765231233232,11,gcc_reference,71179,71179,10
216802,41765323122212,11,solver_cli,65804,65804,5
216802,41765323122212,11,gcc_reference,68120,68120,5
216981,41765322313211,11,solver_cli,65710,65710,6
216981,41765322313211,11,gcc_reference,67948,67948,6
217090,41765322221312,11,solver_cli,65832,65832,5
217090,41765322221312,11,gcc_reference,68145,68145,5
219631,31765242322121,11,solver_cli,66712,66712,5
219631,31765242322121,11,gcc_reference,68868,68868,5
220158,31265471111111,11,solver_cli,65625,65625,5
220158,31265471111111,11,gcc_reference,67863,67863,4
220186,31265471122112,11,solver_cli,67119,67119,5
220186,31265471122112,11,gcc_reference,69466,69466,7
220192,31265471122133,11,solver_cli,72811,72811,5
220192,31265471122133,11,gcc_reference,73664,73664,5
220321,31265471321111,11,solver_cli,68624,68624,5
220321,31265471321111,11,gcc_reference,70809,70809,5
220374,31265471313113,11,solver_cli,67508,67508,5
220374,31265471313113,11,gcc_reference,69771,69771,4
220590,31265471312213,11,solver_cli,75071,75071,5
220590,31265471312213,11,gcc_reference,75976,75976,5
220605,31265472312233,11,solver_cli,72617,72617,7
220605,31265472312233,11,gcc_reference,73505,73505,7
220793,31265472233321,11,solver_cli,67356,67356,7
220793,31265472233321,11,gcc_reference,69451,69451,8
222245,31265741233331,11,solver_cli,66402,66402,6
222245,31265741233331,11,gcc_reference,68638,68638,6
225929,71365423331312,11,solver_cli,64361,64361,5
225929,71365423331312,11,gcc_reference,66749,66749,6
232870,41735263123223,11,solver_cli,68565,68565,7
232870,41735263123223,11,gcc_reference,70807,70807,9
232998,41735262312233,11,solver_cli,65149,65149,5
232998,41735262312233,11,gcc_reference,67496,67496,5
233254,41735261323313,11,solver_cli,68113,68113,5
233254,41735261323313,11,gcc_reference,70321,70321,11
234395,41735621233232,11,solver_cli,65985,65985,9
234395,41735621233232,11,gcc_reference,68264,68264,5
234723,41735622313322,11,solver_cli,63331,63331,5
234723,41735622313322,11,gcc_reference,65469,65469,6
235578,41635721212121,11,solver_cli,66575,66575,7
235578,41635721212121,11,gcc_reference,68649,68649,5
239334,61235741313131,11,solver_cli,66631,66631,5
239334,61235741313131,11,gcc_reference,68728,68728,13
240672,71435263211123,11,solver_cli,69139,69139,5
240672,71435263211123,11,gcc_reference,71106,71106,6
240691,71435262222122,11,solver_cli,65791,65791,6
240691,71435262222122,11,gcc_reference,68014,68014,6
240753,71435263311122,11,solver_cli,70358,70358,6
240753,71435263311122,11,gcc_reference,72332,72332,6
240812,71435263333133,11,solver_cli,67109,67109,6
240812,71435263333133,11,gcc_reference,69321,69321,7
241009,71435261322233,11,solver_cli,62796,62796,5
241009,71435261322233,11,gcc_reference,65233,65233,4
241052,71435263333223,11,solver_cli,67413,67413,7
241052,71435263333223,11,gcc_reference,69689,69689,6
244943,71435623333331,11,solver_cli,65858,65858,5
244943,71435623333331,11,gcc_reference,68176,68176,4
246120,21375462312233,11,solver_cli,62645,62645,6
246120,21375462312233,11,gcc_reference,64864,64864,5
246152,21375463333211,11,solver_cli,64454,64454,8
246152,21375463333211,11,gcc_reference,66754,66754,7
258505,31475261322233,11,solver_cli,66000,66000,5
258505,31475261322233,11,gcc_reference,68190,68190,6
258539,31475262333221,11,solver_cli,65556,65556,4
258539,31475262333221,11,gcc_reference,67905,67905,6
258725,31475262331313,11,solver_cli,66043,66043,5
258725,31475262331313,11,gcc_reference,68316,68316,5
259707,31275463311122,11,solver_cli,68355,68355,7
259707,31275463311122,11,gcc_reference,70349,70349,4
259800,31275461112233,11,solver_cli,66313,66313,7
259800,31275461112233,11,gcc_reference,68387,68387,7
259832,31275462133211,11,solver_cli,66923,66923,5
259832,31275462133211,11,gcc_reference,69184,69184,5
259912,31275462223211,11,solver_cli,65921,65921,5
259912,31275462223211,11,gcc_reference,68118,68118,5
259938,31275462311213,11,solver_cli,66034,66034,6
259938,31275462311213,11,gcc_reference,68222,68222,4
259963,31275461322233,11,solver_cli,67687,67687,7
259963,31275461322233,11,gcc_reference,69949,69949,6
259965,31275462312212,11,solver_cli,67570,67570,4
259965,31275462312212,11,gcc_reference,69708,69708,7
265577,46125731333123,11,solver_cli,67731,67731,8
265577,46125731333123,11,gcc_reference,69744,69744,7
267627,16725431211122,11,solver_cli,69168,69168,7
267627,16725431211122,11,gcc_reference,71144,71144,8
267630,16725431211131,11,solver_cli,66801,66801,4
267630,16725431211131,11,gcc_reference,68962,68962,8
267636,16725432211121,11,solver_cli,68924,68924,5
267636,16725432211121,11,gcc_reference,70924,70924,8
267708,16725431311121,11,solver_cli,66620,66620,8
267708,16725431311121,11,gcc_reference,68815,68815,8
267788,16725431131211,11,solver_cli,65031,65031,8
267788,16725431131211,11,gcc_reference,67382,67382,5
267832,16725433122212,11,solver_cli,65212,65212,8
267832,16725433122212,11,gcc_reference,67459,67459,7
267908,16725432232223,11,solver_cli,71682,71682,4
267908,16725432232223,11,gcc_reference,73653,73653,5
268028,16725433333232,11,solver_cli,69970,69970,8
268028,16725433333232,11,gcc_reference,72042,72042,5
268030,16725431121311,11,solver_cli,64804,64804,8
268030,16725431121311,11,gcc_reference,67186,67186,8
268101,16725433113311,11,solver_cli,68435,68435,8
268101,16725433113311,11,gcc_reference,70566,70566,8
271296,36125471212112,11,solver_cli,68601,68601,5
271296,36125471212112,11,gcc_reference,70671,70671,5
271297,36125471222111,11,solver_cli,68204,68204,6
271297,36125471222111,11,gcc_reference,70299,70299,8
271323,36125471213111,11,solver_cli,66509,66509,6
271323,36125471213111,11,gcc_reference,68739,68739,8
271377,36125471312111,11,solver_cli,66732,66732,7
271377,36125471312111,11,gcc_reference,68929,68929,10
271444,36125472121223,11,solver_cli,65443,65443,4
271444,36125472121223,11,gcc_reference,67693,67693,7
271449,36125473111211,11,solver_cli,65100,65100,9
271449,36125473111211,11,gcc_reference,67440,67440,7
271562,36125473232222,11,solver_cli,70917,70917,6
271562,36125473232222,11,gcc_reference,73010,73010,8
271672,36125473323233,11,solver_cli,70335,70335,5
271672,36125473323233,11,gcc_reference,72372,72372,8
271680,36125471111333,11,solver_cli,68874,68874,5
271680,36125471111333,11,gcc_reference,70946,70946,8
271683,36125472111311,11,solver_cli,65069,65069,5
271683,36125472111311,11,gcc_reference,67406,67406,8
271927,36725412121112,11,solver_cli,82136,82136,8
271927,36725412121112,11,gcc_reference,82107,82107,7
271937,36725413131113,11,solver_cli,74188,74188,9
271937,36725413131113,11,gcc_reference,76008,76008,5
272028,36725411212121,11,solver_cli,73077,73077,9
272028,36725411212121,11,gcc_reference,74788,74788,7
272139,36725411313131,11,solver_cli,84164,84164,8
272139,36725411313131,11,gcc_reference,84114,84114,5
272161,36725411121212,11,solver_cli,82496,82496,9
272161,36725411121212,11,gcc_reference,82399,82399,9
272169,36725412111212,11,solver_cli,83311,83311,9
272169,36725412111212,11,gcc_reference,83117,83117,9
272170,36725412121211,11,solver_cli,82778,82778,11
272170,36725412121211,11,gcc_reference,82662,82662,5
272176,36725412121232,11,solver_cli,80646,80646,8
272176,36725412121232,11,gcc_reference,80572,80572,7
272224,36725412123212,11,solver_cli,82752,82752,6
272224,36725412123212,11,gcc_reference,82734,82734,8
272332,36725412321212,11,solver_cli,83055,83055,8
272332,36725412321212,11,gcc_reference,82986,82986,7
272405,36725411131313,11,solver_cli,71767,71767,5
272405,36725411131313,11,gcc_reference,73604,73604,8
272421,36725413111313,11,solver_cli,72503,72503,5
272421,36725413111313,11,gcc_reference,74431,74431,7
272423,36725413131311,11,solver_cli,72669,72669,8
272423,36725413131311,11,gcc_reference,74543,74543,8
275452,36125743222331,11,solver_cli,68325,68325,5
275452,36125743222331,11,gcc_reference,70711,70711,8
276322,76325411122121,11,solver_cli,68016,68016,7
276322,76325411122121,11,gcc_reference,70130,70130,5
276324,76325411112131,11,solver_cli,67231,67231,8
276324,76325411112131,11,gcc_reference,69348,69348,8
276330,76325412112121,11,solver_cli,69096,69096,5
276330,76325412112121,11,gcc_reference,71071,71071,8
276348,76325411113121,11,solver_cli,67107,67107,7
276348,76325411113121,11,gcc_reference,69229,69229,8
276534,76325411111213,11,solver_cli,64589,64589,8
276534,76325411111213,11,gcc_reference,67009,67009,4
276626,76325412231212,11,solver_cli,64667,64667,8
276626,76325412231212,11,gcc_reference,67004,67004,6
276664,76325413222223,11,solver_cli,71126,71126,5
276664,76325413222223,11,gcc_reference,73197,73197,9
276767,76325412333233,11,solver_cli,69838,69838,9
276767,76325412333233,11,gcc_reference,71949,71949,8
276777,76325411111312,11,solver_cli,64717,64717,8
276777,76325411111312,11,gcc_reference,67105,67105,9
276941,76325411331311,11,solver_cli,68773,68773,5
276941,76325411331311,11,gcc_reference,70839,70839,8
279449,76125343333133,11,solver_cli,64819,64819,7
279449,76125343333133,11,gcc_reference,67461,67461,8
283717,26345711223113,11,solver_cli,67298,67298,8
283717,26345711223113,11,gcc_reference,69607,69607,5
284310,16345271111111,11,solver_cli,64520,64520,7
284310,16345271111111,11,gcc_reference,66635,66635,4
284372,16345271133131,11,solver_cli,71375,71375,7
284372,16345271133131,11,gcc_reference,73279,73279,7
284419,16345271222111,11,solver_cli,70496,70496,7
284419,16345271222111,11,gcc_reference,72525,72525,4
284758,16345272322232,11,solver_cli,66180,66180,5
284758,16345272322232,11,gcc_reference,68441,68441,11
284780,16345272333212,11,solver_cli,68425,68425,9
284780,16345272333212,11,gcc_reference,70525,70525,10
284845,16345273122323,11,solver_cli,68666,68666,12
284845,16345273122323,11,gcc_reference,70754,70754,5
284954,16345273233323,11,solver_cli,65227,65227,5
284954,16345273233323,11,gcc_reference,67639,67639,5
285301,16745233121213,11,solver_cli,65512,65512,5
285301,16745233121213,11,gcc_reference,67793,67793,6
285322,16745232122222,11,solver_cli,66712,66712,6
285322,16745232122222,11,gcc_reference,69115,69115,4
285535,16745232121313,11,solver_cli,64228,64228,7
285535,16745232121313,11,gcc_reference,66797,66797,7
285761,16745233333313,11,solver_cli,65266,65266,8
285761,16745233333313,11,gcc_reference,67866,67866,6
286100,16245371231231,11,solver_cli,68945,68945,8
286100,16245371231231,11,gcc_reference,71259,71259,8
288938,36145272131213,11,solver_cli,63853,63853,5
288938,36145272131213,11,gcc_reference,66473,66473,7
288967,36145272122222,11,solver_cli,65390,65390,8
288967,36145272122222,11,gcc_reference,67983,67983,7
289181,36145272131312,11,solver_cli,65442,65442,8
289181,36145272131312,11,gcc_reference,67743,67743,8
289406,36145273333313,11,solver_cli,67051,67051,9
289406,36145273333313,11,gcc_reference,69443,69443,9
289424,36745212131111,11,solver_cli,66230,66230,8
289424,36745212131111,11,gcc_reference,68397,68397,9
289432,36745213121111,11,solver_cli,65465,65465,9
289432,36745213121111,11,gcc_reference,67555,67555,4
289439,36745213131131,11,solver_cli,70132,70132,9
289439,36745213131131,11,gcc_reference,72114,72114,4
289487,36745213133111,11,solver_cli,70734,70734,8
289487,36745213133111,11,gcc_reference,72644,72644,9
289669,36745212121223,11,solver_cli,66186,66186,8
289669,36745212121223,11,gcc_reference,68574,68574,8
289740,36745211211221,11,solver_cli,67576,67576,8
289740,36745211211221,11,gcc_reference,69614,69614,4
289784,36745213232213,11,solver_cli,68578,68578,8
289784,36745213232213,11,gcc_reference,70338,70338,8
289807,36745212223232,11,solver_cli,65689,65689,7
289807,36745212223232,11,gcc_reference,68015,68015,8
289936,36745212122312,11,solver_cli,65349,65349,7
289936,36745212122312,11,gcc_reference,67712,67712,4
289942,36745212122333,11,solver_cli,65429,65429,8
289942,36745212122333,11,gcc_reference,67878,67878,8
289966,36745212123323,11,solver_cli,65433,65433,8
289966,36745212123323,11,gcc_reference,67998,67998,8
293059,76145231121113,11,solver_cli,66006,66006,8
293059,76145231121113,11,gcc_reference,68214,68214,6
293060,76145231131112,11,solver_cli,65408,65408,7
293060,76145231131112,11,gcc_reference,67525,67525,5
293086,76145231122112,11,solver_cli,70061,70061,7
293086,76145231122112,11,gcc_reference,72071,72071,8
293140,76145231221112,11,solver_cli,70206,70206,9
293140,76145231221112,11,gcc_reference,72198,72198,8
293375,76145233133213,11,solver_cli,64869,64869,9
293375,76145233133213,11,gcc_reference,67297,67297,9
293447,76145232233213,11,solver_cli,65063,65063,8
293447,76145232233213,11,gcc_reference,67553,67553,7
293501,76145232332213,11,solver_cli,65411,65411,5
293501,76145232332213,11,gcc_reference,67974,67974,9
293614,76145232123332,11,solver_cli,68214,68214,8
293614,76145232123332,11,gcc_reference,70026,70026,7
293678,76145233232333,11,solver_cli,65193,65193,8
293678,76145233232333,11,gcc_reference,67614,67614,7
293712,76145231311331,11,solver_cli,67693,67693,8
293712,76145231311331,11,gcc_reference,69730,69730,5
293717,76145232331313,11,solver_cli,66614,66614,7
293717,76145232331313,11,gcc_reference,68954,68954,7
295335,76345122211112,11,solver_cli,67273,67273,7
295335,76345122211112,11,gcc_reference,69806,69806,8
295338,76345122211121,11,solver_cli,63554,63554,8
295338,76345122211121,11,gcc_reference,65959,65959,7
295344,76345123211111,11,solver_cli,68461,68461,5
295344,76345123211111,11,gcc_reference,70618,70618,9
295416,76345122311111,11,solver_cli,67142,67142,7
295416,76345122311111,11,gcc_reference,69298,69298,8
295425,76345123311113,11,solver_cli,65460,65460,7
295425,76345123311113,11,gcc_reference,67764,67764,7
295431,76345123311131,11,solver_cli,65154,65154,4
295431,76345123311131,11,gcc_reference,67610,67610,7
295695,76345123312211,11,solver_cli,67374,67374,8
295695,76345123312211,11,gcc_reference,69595,69595,6
295875,76345122213311,11,solver_cli,64966,64966,8
295875,76345122213311,11,gcc_reference,67033,67033,5
295979,76245311131121,11,solver_cli,68555,68555,7
295979,76245311131121,11,gcc_reference,70747,70747,8
295981,76245311121131,11,solver_cli,66890,66890,4
295981,76245311121131,11,gcc_reference,69226,69226,8
296018,76245312132131,11,solver_cli,64773,64773,8
296018,76245312132131,11,gcc_reference,66969,66969,8
296023,76245313122122,11,solver_cli,75189,75189,7
296023,76245313122122,11,gcc_reference,76106,76106,6
296050,76245313123121,11,solver_cli,64508,64508,5
296050,76245313123121,11,gcc_reference,66748,66748,10
296595,76245311213312,11,solver_cli,65124,65124,6
296595,76245311213312,11,gcc_reference,67288,67288,4
298751,26715433231322,11,solver_cli,68560,68560,6
298751,26715433231322,11,gcc_reference,70924,70924,4
300604,26415732121223,11,solver_cli,65617,65617,7
300604,26415732121223,11,gcc_reference,67964,67964,7
300983,26415732233321,11,solver_cli,66476,66476,6
300983,26415732233321,11,gcc_reference,68621,68621,7
301027,26415731322323,11,solver_cli,65728,65728,6
301027,26415731322323,11,gcc_reference,68040,68040,4
303520,46215372121223,11,solver_cli,65823,65823,5
303520,46215372121223,11,gcc_reference,68115,68115,6
303732,46215372313211,11,solver_cli,64214,64214,6
303732,46215372313211,11,gcc_reference,66272,66272,7
306487,36415272123212,11,solver_cli,65071,65071,7
306487,36415272123212,11,gcc_reference,67368,67368,6
311310,76315241112113,11,solver_cli,65500,65500,5
311310,76315241112113,11,gcc_reference,67748,67748,6
311337,76315241113112,11,solver_cli,68693,68693,8
311337,76315241113112,11,gcc_reference,70860,70860,8
311419,76315241223113,11,solver_cli,67431,67431,5
311419,76315241223113,11,gcc_reference,69701,69701,6
311474,76315241332112,11,solver_cli,67123,67123,8
311474,76315241332112,11,gcc_reference,69470,69470,8
311476,76315241322122,11,solver_cli,73217,73217,7
311476,76315241322122,11,gcc_reference,74011,74011,6
311631,76315243211231,11,solver_cli,66774,66774,8
311631,76315243211231,11,gcc_reference,68950,68950,7
311986,76315241323313,11,solver_cli,74400,74400,8
311986,76315241323313,11,gcc_reference,75399,75399,5
312007,76315243323323,11,solver_cli,72799,72799,8
312007,76315243323323,11,gcc_reference,73667,73667,8
312254,76215433333133,11,solver_cli,67628,67628,8
312254,76215433333133,11,gcc_reference,69657,69657,7
313802,76215341231231,11,solver_cli,66186,66186,8
313802,76215341231231,11,gcc_reference,68433,68433,4
317965,26435712222122,11,solver_cli,66929,66929,8
317965,26435712222122,11,gcc_reference,69164,69164,8
318021,26435712311132,11,solver_cli,68873,68873,8
318021,26435712311132,11,gcc_reference,70891,70891,7
318027,26435713311122,11,solver_cli,70085,70085,8
318027,26435713311122,11,gcc_reference,72086,72086,4
318086,26435713333133,11,solver_cli,65728,65728,9
318086,26435713333133,11,gcc_reference,67950,67950,10
318479,26435712233321,11,solver_cli,63834,63834,6
318479,26435712233321,11,gcc_reference,66114,66114,7
318532,26435712322322,11,solver_cli,67213,67213,5
318532,26435712322322,11,gcc_reference,69508,69508,6
318857,26135742132221,11,solver_cli,67774,67774,6
318857,26135742132221,11,gcc_reference,70036,70036,6
319206,26135742213323,11,solver_cli,63990,63990,9
319206,26135742213323,11,gcc_reference,66475,66475,8
319259,26135742332312,11,solver_cli,67475,67475,9
319259,26135742332312,11,gcc_reference,69872,69872,8
319853,46135272133313,11,solver_cli,64630,64630,6
319853,46135272133313,11,gcc_reference,66965,66965,6
324685,16735242122213,11,solver_cli,64680,64680,6
324685,16735242122213,11,gcc_reference,67013,67013,6
332603,26175432331133,11,solver_cli,64674,64674,6
332603,26175432331133,11,gcc_reference,67329,67329,6
337571,46375212132131,11,solver_cli,67319,67319,5
337571,46375212132131,11,gcc_reference,69615,69615,4
337572,46375213112111,11,solver_cli,68482,68482,5
337572,46375213112111,11,gcc_reference,70693,70693,4
337590,46375212113111,11,solver_cli,65151,65151,4
337590,46375212113111,11,gcc_reference,67459,67459,6
337603,46375213123121,11,solver_cli,66732,66732,4
337603,46375213123121,11,gcc_reference,69133,69133,6
337766,46375213333121,11,solver_cli,72692,72692,6
337766,46375213333121,11,gcc_reference,73558,73558,6
337811,46375212132221,11,solver_cli,74673,74673,8
337811,46375212132221,11,gcc_reference,75653,75653,6
337973,46375212332222,11,solver_cli,72266,72266,6
337973,46375212332222,11,gcc_reference,73221,73221,4
338100,46375211211332,11,solver_cli,67119,67119,7
338100,46375211211332,11,gcc_reference,69241,69241,6
339839,46275312232133,11,solver_cli,68553,68553,8
339839,46275312232133,11,gcc_reference,70518,70518,6
339979,46275313121222,11,solver_cli,66064,66064,5
339979,46275313121222,11,gcc_reference,68242,68242,5
339995,46275312132212,11,solver_cli,67459,67459,6
339995,46275312132212,11,gcc_reference,69620,69620,6
339999,46275312112232,11,solver_cli,66478,66478,5
339999,46275312112232,11,gcc_reference,68598,68598,8
340015,46275311123222,11,solver_cli,66487,66487,9
340015,46275311123222,11,gcc_reference,68809,68809,7
340164,46275313312211,11,solver_cli,66925,66925,8
340164,46275313312211,11,gcc_reference,69277,69277,9
340182,46275312313211,11,solver_cli,65125,65125,9
340182,46275312313211,11,gcc_reference,67353,67353,9
341705,16475233132313,11,solver_cli,64921,64921,8
341705,16475233132313,11,gcc_reference,67249,67249,9
344380,16275343122221,11,solver_cli,65022,65022,8
344380,16275343122221,11,gcc_reference,67236,67236,8
344520,16275341312213,11,solver_cli,62576,62576,5
344520,16275341312213,11,gcc_reference,64808,64808,8
356687,13725642332132,11,solver_cli,67186,67186,8
356687,13725642332132,11,gcc_reference,69531,69531,8
360901,63725143122113,11,solver_cli,67118,67118,4
360901,63725143122113,11,gcc_reference,69333,69333,7
360925,63725142123131,11,solver_cli,70509,70509,8
360925,63725142123131,11,gcc_reference,72457,72457,7
360995,63725141233121,11,solver_cli,65904,65904,8
360995,63725141233121,11,gcc_reference,68101,68101,7
361006,63725142223133,11,solver_cli,68978,68978,5
361006,63725142223133,11,gcc_reference,70973,70973,5
361371,63725141112323,11,solver_cli,62944,62944,8
361371,63725141112323,11,gcc_reference,65353,65353,8
361414,63725143123313,11,solver_cli,67500,67500,8
361414,63725143123313,11,gcc_reference,69751,69751,8
362582,63125743131233,11,solver_cli,65939,65939,9
362582,63125743131233,11,gcc_reference,68238,68238,11
362829,63125741112323,11,solver_cli,65980,65980,10
362829,63125741112323,11,gcc_reference,68175,68175,14
362873,63125743133312,11,solver_cli,65641,65641,10
362873,63125743133312,11,gcc_reference,67978,67978,11
363122,73125463133132,11,solver_cli,66864,66864,7
363122,73125463133132,11,gcc_reference,68997,68997,8
364378,73625412222323,11,solver_cli,68722,68722,8
364378,73625412222323,11,gcc_reference,71084,71084,8
365491,73625143121213,11,solver_cli,68076,68076,8
365491,73625143121213,11,gcc_reference,70291,70291,5
365745,73625141112323,11,solver_cli,65095,65095,9
365745,73625141112323,11,gcc_reference,67443,67443,8
365951,73625143333313,11,solver_cli,68380,68380,8
365951,73625143333313,11,gcc_reference,70664,70664,7
372364,13645271221331,11,solver_cli,68483,68483,8
372364,13645271221331,11,gcc_reference,70855,70855,8
373411,13245671321111,11,solver_cli,65812,65812,7
373411,13245671321111,11,gcc_reference,67995,67995,9
378640,63745123122212,11,solver_cli,65817,65817,8
378640,63745123122212,11,gcc_reference,68143,68143,9
381350,73645211231111,11,solver_cli,66756,66756,9
381350,73645211231111,11,gcc_reference,69115,69115,5
381403,73645211223113,11,solver_cli,64117,64117,9
381403,73645211223113,11,gcc_reference,66421,66421,8
381430,73645211321111,11,solver_cli,68388,68388,5
381430,73645211321111,11,gcc_reference,70608,70608,8
381458,73645211332112,11,solver_cli,64064,64064,7
381458,73645211332112,11,gcc_reference,66384,66384,9
381503,73645213333112,11,solver_cli,74557,74557,9
381503,73645213333112,11,gcc_reference,75538,75538,5
381561,73645213112231,11,solver_cli,64934,64934,9
381561,73645213112231,11,gcc_reference,67119,67119,9
383022,73645121113211,11,solver_cli,63280,63280,8
383022,73645121113211,11,gcc_reference,65429,65429,5
383329,73645122222311,11,solver_cli,65934,65934,9
383329,73645122222311,11,gcc_reference,68216,68216,8
389838,43615272113321,11,solver_cli,62590,62590,8
389838,43615272113321,11,gcc_reference,64819,64819,7
389990,43615271333312,11,solver_cli,64102,64102,8
389990,43615271333312,11,gcc_reference,66441,66441,8
398914,73615242223133,11,solver_cli,68203,68203,8
398914,73615242223133,11,gcc_reference,70212,70212,5
399279,73615241112323,11,solver_cli,65264,65264,7
399279,73615241112323,11,gcc_reference,67483,67483,8
399306,73615241113322,11,solver_cli,67225,67225,8
399306,73615241113322,11,gcc_reference,69549,69549,4
399322,73615243123313,11,solver_cli,67656,67656,8
399322,73615243123313,11,gcc_reference,69795,69795,8
399402,73615243213313,11,solver_cli,66176,66176,6
399402,73615243213313,11,gcc_reference,68350,68350,7
399431,73615243331312,11,solver_cli,65924,65924,8
399431,73615243331312,11,gcc_reference,68135,68135,8
399458,73615243332311,11,solver_cli,66950,66950,8
399458,73615243332311,11,gcc_reference,69204,69204,4
400617,73615423213211,11,solver_cli,65864,65864,7
400617,73615423213211,11,gcc_reference,68166,68166,8
400764,73615421113322,11,solver_cli,65577,65577,8
400764,73615421113322,11,gcc_reference,67828,67828,7
400949,73615423333331,11,solver_cli,65733,65733,8
400949,73615423333331,11,gcc_reference,68070,68070,5
402408,23165471111111,11,solver_cli,68731,68731,6
402408,23165471111111,11,gcc_reference,70895,70895,8
402420,23165472111122,11,solver_cli,67480,67480,5
402420,23165472111122,11,gcc_reference,69747,69747,8
402576,23165471311133,11,solver_cli,67309,67309,8
402576,23165471311133,11,gcc_reference,69622,69622,9
402579,23165472311111,11,solver_cli,65560,65560,5
402579,23165472311111,11,gcc_reference,67811,67811,5
402603,23165471312132,11,solver_cli,72856,72856,8
402603,23165471312132,11,gcc_reference,73717,73717,8
402809,23165473233221,11,solver_cli,67452,67452,8
402809,23165473233221,11,gcc_reference,69532,69532,8
402909,23165472111332,11,solver_cli,75041,75041,4
402909,23165472111332,11,gcc_reference,75962,75962,5
402938,23165472132332,11,solver_cli,72514,72514,5
402938,23165472132332,11,gcc_reference,73431,73431,8
406123,23165742123131,11,solver_cli,68405,68405,7
406123,23165742123131,11,gcc_reference,70386,70386,5
406553,23165742131321,11,solver_cli,67526,67526,5
406553,23165742131321,11,gcc_reference,69670,69670,6
406556,23165742131333,11,solver_cli,66188,66188,7
406556,23165742131333,11,gcc_reference,68349,68349,6
406569,23165741112323,11,solver_cli,67870,67870,7
406569,23165741112323,11,gcc_reference,70099,70099,4
406622,23165741231312,11,solver_cli,66129,66129,4
406622,23165741231312,11,gcc_reference,68296,68296,6
406721,23165743331312,11,solver_cli,66831,66831,5
406721,23165743331312,11,gcc_reference,69120,69120,5
406740,23165742312323,11,solver_cli,66166,66166,5
406740,23165742312323,11,gcc_reference,68271,68271,6
407632,43765212222122,11,solver_cli,64770,64770,7
407632,43765212222122,11,gcc_reference,67399,67399,5
413596,13765422121211,11,solver_cli,64505,64505,5
413596,13765422121211,11,gcc_reference,66859,66859,6
414569,13265742131312,11,solver_cli,64665,64665,5
414569,13265742131312,11,gcc_reference,66928,66928,6
414588,13265741112323,11,solver_cli,62614,62614,5
414588,13265741112323,11,gcc_reference,64840,64840,4
420249,23175463211222,11,solver_cli,66234,66234,4
420249,23175463211222,11,gcc_reference,68507,68507,7
421372,23475162121112,11,solver_cli,66603,66603,7
421372,23475162121112,11,gcc_reference,68706,68706,6
425581,43675211221331,11,solver_cli,65931,65931,8
425581,43675211221331,11,gcc_reference,68226,68226,5
426586,43675122222122,11,solver_cli,66238,66238,11
426586,43675122222122,11,gcc_reference,68385,68385,8
429897,13675241112323,11,solver_cli,64204,64204,8
429897,13675241112323,11,gcc_reference,66286,66286,8
430040,13675242331313,11,solver_cli,65753,65753,8
430040,13675242331313,11,gcc_reference,68084,68084,8
430386,13275461112233,11,solver_cli,64307,64307,6
430386,13275461112233,11,gcc_reference,66361,66361,6
430506,13275463213211,11,solver_cli,65712,65712,8
430506,13275463213211,11,gcc_reference,68031,68031,7
431844,13275641112233,11,solver_cli,68174,68174,6
431844,13275641112233,11,gcc_reference,70630,70630,10
431940,13275643212221,11,solver_cli,66376,66376,8
431940,13275643212221,11,gcc_reference,68611,68611,4
432071,13275642131333,11,solver_cli,66133,66133,7
432071,13275642131333,11,gcc_reference,68404,68404,7
432084,13275641112323,11,solver_cli,68726,68726,7
432084,13275641112323,11,gcc_reference,71105,71105,8
443260,17425631122112,11,solver_cli,63674,63674,7
443260,17425631122112,11,gcc_reference,66058,66058,4
443368,17425631223113,11,solver_cli,65601,65601,8
443368,17425631223113,11,gcc_reference,67995,67995,7
443422,17425631322113,11,solver_cli,68208,68208,7
443422,17425631322113,11,gcc_reference,70401,70401,6
443423,17425631332112,11,solver_cli,68085,68085,9
443423,17425631332112,11,gcc_reference,70481,70481,5
443448,17425631313113,11,solver_cli,65568,65568,8
443448,17425631313113,11,gcc_reference,67851,67851,8
443449,17425631323112,11,solver_cli,67305,67305,9
443449,17425631323112,11,gcc_reference,69440,69440,6
443695,17425631323223,11,solver_cli,66952,66952,8
443695,17425631323223,11,gcc_reference,69231,69231,5
443914,17425631322332,11,solver_cli,64499,64499,9
443914,17425631322332,11,gcc_reference,66633,66633,7
464376,67345211111123,11,solver_cli,67376,67376,8
464376,67345211111123,11,gcc_reference,69492,69492,7
464379,67345211111132,11,solver_cli,68014,68014,8
464379,67345211111132,11,gcc_reference,70248,70248,8
464385,67345212111122,11,solver_cli,65311,65311,5
464385,67345212111122,11,gcc_reference,67639,67639,7
464397,67345213111133,11,solver_cli,68101,68101,8
464397,67345213111133,11,gcc_reference,70492,70492,7
464457,67345211211122,11,solver_cli,65605,65605,6
464457,67345211211122,11,gcc_reference,67995,67995,8
464541,67345211311133,11,solver_cli,63634,63634,5
464541,67345211311133,11,gcc_reference,66026,66026,5
464649,67345211112233,11,solver_cli,64480,64480,6
464649,67345211112233,11,gcc_reference,66620,66620,6
464916,67345211113322,11,solver_cli,66993,66993,8
464916,67345211113322,11,gcc_reference,69266,69266,5
465807,67245131313323,11,solver_cli,64078,64078,5
465807,67245131313323,11,gcc_reference,66337,66337,4
465956,67345122232133,11,solver_cli,68702,68702,4
465956,67345122232133,11,gcc_reference,70532,70532,9
465982,67345122223133,11,solver_cli,68333,68333,9
465982,67345122223133,11,gcc_reference,70229,70229,10
466865,67245311133233,11,solver_cli,66053,66053,4
466865,67245311133233,11,gcc_reference,68316,68316,6
467073,67245311112311,11,solver_cli,63251,63251,4
467073,67245311112311,11,gcc_reference,65387,65387,4
467849,67145323133312,11,solver_cli,65685,65685,5
467849,67145323133312,11,gcc_reference,68014,68014,5
470649,37645122312221,11,solver_cli,65207,65207,4
470649,37645122312221,11,gcc_reference,67303,67303,5
472869,27615433313213,11,solver_cli,68503,68503,5
472869,27615433313213,11,gcc_reference,70660,70660,7
472944,27615432113321,11,solver_cli,64717,64717,5
472944,27615432113321,11,gcc_reference,67101,67101,4
473073,27615431312333,11,solver_cli,67976,67976,5
473073,27615431312333,11,gcc_reference,70300,70300,4
474325,27415632323231,11,solver_cli,63301,63301,5
474325,27415632323231,11,gcc_reference,65438,65438,4
474520,27415633321322,11,solver_cli,66139,66139,7
474520,27415633321322,11,gcc_reference,68392,68392,6
475328,27415363131113,11,solver_cli,66136,66136,5
475328,27415363131113,11,gcc_reference,68272,68272,4
484298,67215343333133,11,solver_cli,66003,66003,5
484298,67215343333133,11,gcc_reference,68173,68173,6
487726,37615423121132,11,solver_cli,65838,65838,7
487726,37615423121132,11,gcc_reference,68042,68042,10
487797,37615422211133,11,solver_cli,69443,69443,7
487797,37615422211133,11,gcc_reference,71365,71365,5
487852,37615422223133,11,solver_cli,70414,70414,6
487852,37615422223133,11,gcc_reference,72380,72380,8
487929,37615422313121,11,solver_cli,66623,66623,9
487929,37615422313121,11,gcc_reference,68889,68889,8
488244,37615421113322,11,solver_cli,62847,62847,4
488244,37615421113322,11,gcc_reference,65276,65276,4
488418,37615422313331,11,solver_cli,67400,67400,5
488418,37615422313331,11,gcc_reference,69664,69664,6
489632,37415622333221,11,solver_cli,65615,65615,6
489632,37415622333221,11,gcc_reference,67953,67953,5
491032,27365412321212,11,solver_cli,64734,64734,4
491032,27365412321212,11,gcc_reference,67040,67040,5
497461,47265312122222,11,solver_cli,67894,67894,6
497461,47265312122222,11,gcc_reference,70239,70239,5
497646,47265312313211,11,solver_cli,64852,64852,7
497646,47265312313211,11,gcc_reference,67223,67223,7
497675,47265312131312,11,solver_cli,68382,68382,4
497675,47265312131312,11,gcc_reference,70574,70574,6
497972,47165322133112,11,solver_cli,66650,66650,6
497972,47165322133112,11,gcc_reference,68922,68922,7
498017,47165321232113,11,solver_cli,70407,70407,8
498017,47165321232113,11,gcc_reference,72379,72379,6
498032,47165322232133,11,solver_cli,69329,69329,10
498032,47165322232133,11,gcc_reference,71281,71281,9
498103,47165321322131,11,solver_cli,65819,65819,9
498103,47165321322131,11,gcc_reference,68030,68030,8
498188,47165322132212,11,solver_cli,67151,67151,7
498188,47165322132212,11,gcc_reference,69478,69478,8
498375,47165322313211,11,solver_cli,63093,63093,5
498375,47165322313211,11,gcc_reference,65471,65471,4
500598,17265433111313,11,solver_cli,64652,64652,5
500598,17265433111313,11,gcc_reference,66983,66983,5
510583,27435612122222,11,solver_cli,64213,64213,5
510583,27435612122222,11,gcc_reference,66441,66441,6
515933,47135622132332,11,solver_cli,65178,65178,6
515933,47135622132332,11,gcc_reference,67283,67283,5
519873,17435622211133,11,solver_cli,68502,68502,5
519873,17435622211133,11,gcc_reference,70372,70372,8
519879,17435623211123,11,solver_cli,68301,68301,8
519879,17435623211123,11,gcc_reference,70197,70197,8
524227,67435123123121,11,solver_cli,65772,65772,5
524227,67435123123121,11,gcc_reference,68220,68220,5
524342,67435121332112,11,solver_cli,65737,65737,6
524342,67435121332112,11,gcc_reference,68207,68207,8
525447,15342671211311,11,solver_cli,67722,67722,9
525447,15342671211311,11,gcc_reference,70014,70014,10
526338,15642371111111,11,solver_cli,62716,62716,10
526338,15642371111111,11,gcc_reference,64949,64949,10
526685,15642373231223,11,solver_cli,64100,64100,4
526685,15642373231223,11,gcc_reference,66689,66689,6
526922,15642372231332,11,solver_cli,63695,63695,5
526922,15642372231332,11,gcc_reference,66121,66121,6
526927,15642373221323,11,solver_cli,65301,65301,5
526927,15642373221323,11,gcc_reference,67919,67919,4
526950,15642373212311,11,solver_cli,64819,64819,4
526950,15642373212311,11,gcc_reference,67115,67115,4
526968,15642372213311,11,solver_cli,66636,66636,6
526968,15642372213311,11,gcc_reference,68967,68967,6
527000,15642372331322,11,solver_cli,66853,66853,6
527000,15642372331322,11,gcc_reference,69476,69476,5
532035,65742311212313,11,solver_cli,67157,67157,5
532035,65742311212313,11,gcc_reference,69428,69428,6
538632,75642132213311,11,solver_cli,65931,65931,6
538632,75642132213311,11,gcc_reference,67958,67958,5
542503,45312673222112,11,solver_cli,63977,63977,7
542503,45312673222112,11,gcc_reference,66587,66587,6
542844,45312672313211,11,solver_cli,62788,62788,4
542844,45312672313211,11,gcc_reference,65014,65014,5
542909,45312673132313,11,solver_cli,66839,66839,5
542909,45312673132313,11,gcc_reference,69465,69465,5
542963,45312673231313,11,solver_cli,63546,63546,5
542963,45312673231313,11,gcc_reference,66002,66002,4
542971,45312671222312,11,solver_cli,65051,65051,5
542971,45312671222312,11,gcc_reference,67715,67715,4
543011,45312672233321,11,solver_cli,66571,66571,6
543011,45312672233321,11,gcc_reference,68914,68914,4
543013,45312672223331,11,solver_cli,64962,64962,5
543013,45312672223331,11,gcc_reference,67224,67224,6
543884,45612373132121,11,solver_cli,67112,67112,7
543884,45612373132121,11,gcc_reference,69346,69346,5
544010,45612372331121,11,solver_cli,65736,65736,5
544010,45612372331121,11,gcc_reference,67973,67973,10
544042,45612373322111,11,solver_cli,64477,64477,8
544042,45612373322111,11,gcc_reference,66533,66533,8
544046,45612373332122,11,solver_cli,67247,67247,9
544046,45612373332122,11,gcc_reference,69662,69662,6
544127,45612373132223,11,solver_cli,67262,67262,7
544127,45612373132223,11,gcc_reference,69668,69668,10
544128,45612373112231,11,solver_cli,65819,65819,5
544128,45612373112231,11,gcc_reference,68042,68042,7
544136,45612371133221,11,solver_cli,64457,64457,4
544136,45612371133221,11,gcc_reference,66514,66514,7
544289,45612373332221,11,solver_cli,67132,67132,5
544289,45612373332221,11,gcc_reference,69354,69354,8
546112,45312762221111,11,solver_cli,62618,62618,5
546112,45312762221111,11,gcc_reference,64878,64878,6
546192,45312762311111,11,solver_cli,67288,67288,7
546192,45312762311111,11,gcc_reference,69357,69357,8
546318,45312761113211,11,solver_cli,69199,69199,9
546318,45312761113211,11,gcc_reference,71247,71247,7
546563,45312761133311,11,solver_cli,64241,64241,6
546563,45312761133311,11,gcc_reference,66502,66502,5
556469,75312463333133,11,solver_cli,67657,67657,7
556469,75312463333133,11,gcc_reference,69944,69944,6
557584,75412631223332,11,solver_cli,67226,67226,6
557584,75412631223332,11,gcc_reference,69500,69500,5
563800,45362712122222,11,solver_cli,64384,64384,5
563800,45362712122222,11,gcc_reference,66364,66364,9
566713,15762342122213,11,solver_cli,67494,67494,8
566713,15762342122213,11,gcc_reference,69811,69811,8
568832,35162473332122,11,solver_cli,65540,65540,7
568832,35162473332122,11,gcc_reference,67823,67823,6
568835,35162473332131,11,solver_cli,75604,75604,5
568835,35162473332131,11,gcc_reference,76614,76614,5
568861,35162473323131,11,solver_cli,74058,74058,8
568861,35162473323131,11,gcc_reference,74918,74918,8
568906,35162472122231,11,solver_cli,75590,75590,8
568906,35162472122231,11,gcc_reference,76606,76606,8
568912,35162473122221,11,solver_cli,73992,73992,9
568912,35162473122221,11,gcc_reference,74863,74863,5
568933,35162472123233,11,solver_cli,65447,65447,7
568933,35162472123233,11,gcc_reference,67753,67753,6
570189,35462171212121,11,solver_cli,65924,65924,8
570189,35462171212121,11,gcc_reference,68505,68505,7
570282,35462172312131,11,solver_cli,67328,67328,5
570282,35462172312131,11,gcc_reference,69294,69294,10
570394,35462173123211,11,solver_cli,67293,67293,9
570394,35462173123211,11,gcc_reference,69575,69575,7
570406,35462171221223,11,solver_cli,66247,66247,10
570406,35462171221223,11,gcc_reference,68888,68888,8
570424,35462173221221,11,solver_cli,64241,64241,7
570424,35462173221221,11,gcc_reference,66816,66816,5
570566,35462171131313,11,solver_cli,64419,64419,8
570566,35462171131313,11,gcc_reference,67024,67024,8
570584,35462173131311,11,solver_cli,64196,64196,7
570584,35462173131311,11,gcc_reference,66854,66854,7
570708,35462172213311,11,solver_cli,63756,63756,7
570708,35462172213311,11,gcc_reference,66115,66115,4
570715,35462172223331,11,solver_cli,65899,65899,8
570715,35462172223331,11,gcc_reference,68232,68232,8
570761,35462171332331,11,solver_cli,64782,64782,7
570761,35462171332331,11,gcc_reference,67454,67454,6
570925,35762142222113,11,solver_cli,71549,71549,7
570925,35762142222113,11,gcc_reference,73421,73421,9
572224,35462712322322,11,solver_cli,67766,67766,5
572224,35462712322322,11,gcc_reference,69843,69843,7
572898,35162742213323,11,solver_cli,63130,63130,6
572898,35162742213323,11,gcc_reference,65390,65390,8
574759,75462132123212,11,solver_cli,68439,68439,7
574759,75462132123212,11,gcc_reference,70307,70307,8
580190,45732612233321,11,solver_cli,66044,66044,8
580190,45732612233321,11,gcc_reference,68051,68051,8
586224,65132471212112,11,solver_cli,66402,66402,6
586224,65132471212112,11,gcc_reference,69024,69024,6
586225,65132471222111,11,solver_cli,64276,64276,7
586225,65132471222111,11,gcc_reference,66847,66847,8
586336,65132471323121,11,solver_cli,67454,67454,8
586336,65132471323121,11,gcc_reference,69714,69714,7
586376,65132472131231,11,solver_cli,67543,67543,7
586376,65132472131231,11,gcc_reference,69474,69474,8
586482,65132472212231,11,solver_cli,65857,65857,8
586482,65132472212231,11,gcc_reference,68434,68434,8
586626,65132473111331,11,solver_cli,65058,65058,5
586626,65132473111331,11,gcc_reference,67677,67677,8
586688,65132471231321,11,solver_cli,65688,65688,6
586688,65132471231321,11,gcc_reference,68059,68059,9
586751,65132472233321,11,solver_cli,63640,63640,8
586751,65132472233321,11,gcc_reference,66016,66016,8
586836,65132473313312,11,solver_cli,64508,64508,8
586836,65132473313312,11,gcc_reference,67083,67083,8
586837,65132473323311,11,solver_cli,64237,64237,5
586837,65132473323311,11,gcc_reference,66873,66873,7
587066,65732411333123,11,solver_cli,68363,68363,8
587066,65732411333123,11,gcc_reference,70244,70244,9
588191,65432173232321,11,solver_cli,64993,64993,6
588191,65432173232321,11,gcc_reference,67404,67404,10
590380,65132743222331,11,solver_cli,64529,64529,10
590380,65132743222331,11,gcc_reference,66880,66880,9
590386,65132741223323,11,solver_cli,68831,68831,11
590386,65132741223323,11,gcc_reference,71091,71091,11
590894,75132463233233,11,solver_cli,71419,71419,4
590894,75132463233233,11,gcc_reference,73313,73313,5
599451,15672433312133,11,solver_cli,64432,64432,7
599451,15672433312133,11,gcc_reference,66406,66406,7
603100,15672341323112,11,solver_cli,69329,69329,8
603100,15672341323112,11,gcc_reference,71355,71355,8
603186,15672341113232,11,solver_cli,67112,67112,7
603186,15672341113232,11,gcc_reference,69222,69222,5
603285,15672343213232,11,solver_cli,62701,62701,5
603285,15672343213232,11,gcc_reference,64952,64952,7
603595,15672342323312,11,solver_cli,64217,64217,8
603595,15672342323312,11,gcc_reference,66490,66490,8
604133,65172431132333,11,solver_cli,67811,67811,6
604133,65172431132333,11,gcc_reference,69877,69877,7
608585,35172461232323,11,solver_cli,63179,63179,7
608585,35172461232323,11,gcc_reference,65443,65443,8
610034,35472163231322,11,solver_cli,64239,64239,8
610034,35472163231322,11,gcc_reference,66642,66642,7
610057,35472163222313,11,solver_cli,68712,68712,6
610057,35472163222313,11,gcc_reference,71001,71001,5
612477,14352672212111,11,solver_cli,67785,67785,5
612477,14352672212111,11,gcc_reference,70083,70083,13
613089,14752631111111,11,solver_cli,68840,68840,10
613089,14752631111111,11,gcc_reference,71004,71004,11
613246,14752633223123,11,solver_cli,65021,65021,9
613246,14752633223123,11,gcc_reference,67298,67298,10
613295,14752632332132,11,solver_cli,65691,65691,4
613295,14752632332132,11,gcc_reference,68055,68055,9
613462,14752633222223,11,solver_cli,65305,65305,5
613462,14752633222223,11,gcc_reference,67828,67828,6
613488,14752633213223,11,solver_cli,68014,68014,7
613488,14752633213223,11,gcc_reference,70213,70213,5
613492,14752633223231,11,solver_cli,66570,66570,6
613492,14752633223231,11,gcc_reference,68694,68694,8
613552,14752631323223,11,solver_cli,68418,68418,8
613552,14752631323223,11,gcc_reference,70651,70651,8
613602,14752631112311,11,solver_cli,66609,66609,8
613602,14752631112311,11,gcc_reference,68887,68887,9
614677,14752363222121,11,solver_cli,68492,68492,9
614677,14752363222121,11,gcc_reference,70488,70488,5
614708,14752363233131,11,solver_cli,63339,63339,5
614708,14752363233131,11,gcc_reference,65811,65811,6
614921,14752363232222,11,solver_cli,64997,64997,5
614921,14752363232222,11,gcc_reference,67661,67661,8
615949,14652733321331,11,solver_cli,64544,64544,6
615949,14652733321331,11,gcc_reference,66840,66840,4
628478,74152363133132,11,solver_cli,68243,68243,8
628478,74152363133132,11,gcc_reference,70127,70127,8
628694,74152363132232,11,solver_cli,70447,70447,8
628694,74152363132232,11,gcc_reference,72395,72395,8
628718,74152363133222,11,solver_cli,67938,67938,7
628718,74152363133222,11,gcc_reference,69864,69864,17
628721,74152363133231,11,solver_cli,68901,68901,9
628721,74152363133231,11,gcc_reference,70868,70868,5
629973,54312672212111,11,solver_cli,63691,63691,9
629973,54312672212111,11,gcc_reference,65953,65953,9
630350,54312671131331,11,solver_cli,68196,68196,9
630350,54312671131331,11,gcc_reference,70361,70361,5
630522,54312673311311,11,solver_cli,64822,64822,6
630522,54312673311311,11,gcc_reference,67224,67224,8
631438,54612372222131,11,solver_cli,64766,64766,4
631438,54612372222131,11,gcc_reference,67130,67130,8
631827,54612371112311,11,solver_cli,63359,63359,4
631827,54612371112311,11,gcc_reference,65386,65386,8
632677,54712362223322,11,solver_cli,66783,66783,4
632677,54712362223322,11,gcc_reference,68916,68916,5
632746,54712361323313,11,solver_cli,66227,66227,5
632746,54712361323313,11,gcc_reference,68348,68348,5
633054,54612732112223,11,solver_cli,69069,69069,5
633054,54612732112223,11,gcc_reference,71317,71317,8
633223,54612733322213,11,solver_cli,66320,66320,4
633223,54612733322213,11,gcc_reference,68598,68598,4
645884,74312652333332,11,solver_cli,70184,70184,5
645884,74312652333332,11,gcc_reference,71715,71715,9
646333,74512361322233,11,solver_cli,65270,65270,8
646333,74512361322233,11,gcc_reference,67581,67581,8
646365,74512362313223,11,solver_cli,66656,66656,5
646365,74512362313223,11,gcc_reference,68951,68951,7
647412,54362171113133,11,solver_cli,66145,66145,5
647412,54362171113133,11,gcc_reference,68716,68716,5
651214,54362711323112,11,solver_cli,64379,64379,7
651214,54362711323112,11,gcc_reference,66970,66970,7
651246,54362711111231,11,solver_cli,63595,63595,5
651246,54362711111231,11,gcc_reference,66212,66212,4
654323,14762351331221,11,solver_cli,70064,70064,6
654323,14762351331221,11,gcc_reference,72367,72367,7
654325,14762351321231,11,solver_cli,67761,67761,6
654325,14762351321231,11,gcc_reference,69887,69887,7
654487,14762351221331,11,solver_cli,65708,65708,8
654487,14762351221331,11,gcc_reference,68087,68087,4
657721,34562171321111,11,solver_cli,68603,68603,8
657721,34562171321111,11,gcc_reference,70927,70927,9
657970,34562171321231,11,solver_cli,64488,64488,9
657970,34562171321231,11,gcc_reference,67026,67026,9
658163,34562172232313,11,solver_cli,66297,66297,6
658163,34562172232313,11,gcc_reference,68652,68652,9
660026,34162752132212,11,solver_cli,65763,65763,10
660026,34162752132212,11,gcc_reference,68347,68347,8
669222,14632571111111,11,solver_cli,66775,66775,5
669222,14632571111111,11,gcc_reference,68714,68714,8
669391,14632571321132,11,solver_cli,68952,68952,9
669391,14632571321132,11,gcc_reference,71145,71145,7
677983,74132562121121,11,solver_cli,63726,63726,9
677983,74132562121121,11,gcc_reference,66368,66368,5
678007,74132562122111,11,solver_cli,65145,65145,6
678007,74132562122111,11,gcc_reference,67767,67767,8
678017,74132563132112,11,solver_cli,70051,70051,8
678017,74132563132112,11,gcc_reference,72098,72098,5
678236,74132563131221,11,solver_cli,68635,68635,8
678236,74132563131221,11,gcc_reference,70711,70711,5
678382,74132561321231,11,solver_cli,65989,65989,5
678382,74132561321231,11,gcc_reference,68305,68305,7
679747,74532163123223,11,solver_cli,67170,67170,7
679747,74532163123223,11,gcc_reference,69459,69459,4
684335,54172633132313,11,solver_cli,64810,64810,7
684335,54172633132313,11,gcc_reference,67189,67189,4
692824,64572131122223,11,solver_cli,66443,66443,4
692824,64572131122223,11,gcc_reference,68538,68538,5
695996,34172562132332,11,solver_cli,67141,67141,6
695996,34172562132332,11,gcc_reference,69301,69301,7
696183,34172562313331,11,solver_cli,66483,66483,7
696183,34172562313331,11,gcc_reference,68569,68569,7
699948,41352671212112,11,solver_cli,69758,69758,7
699948,41352671212112,11,gcc_reference,71795,71795,5
699949,41352671222111,11,solver_cli,70331,70331,5
699949,41352671222111,11,gcc_reference,72288,72288,7
699951,41352671212121,11,solver_cli,71229,71229,8
699951,41352671212121,11,gcc_reference,73258,73258,11
700681,41752631222123,11,solver_cli,68675,68675,8
700681,41752631222123,11,gcc_reference,70933,70933,5
700743,41752632311123,11,solver_cli,64879,64879,4
700743,41752632311123,11,gcc_reference,67154,67154,5
701037,41752632313211,11,solver_cli,65337,65337,4
701037,41752632313211,11,gcc_reference,67677,67677,7
701256,41752632312323,11,solver_cli,65951,65951,7
701256,41752632312323,11,gcc_reference,68376,68376,7
704682,61352472313211,11,solver_cli,63365,63365,5
704682,61352472313211,11,gcc_reference,65725,65725,5
704849,61352472233321,11,solver_cli,67832,67832,5
704849,61352472233321,11,gcc_reference,69958,69958,5
707778,61452731311313,11,solver_cli,68943,68943,5
707778,61452731311313,11,gcc_reference,70372,70372,4
710486,31452671332232,11,solver_cli,67619,67619,6
710486,31452671332232,11,gcc_reference,69832,69832,7
710506,31452671323211,11,solver_cli,67368,67368,6
710506,31452671323211,11,gcc_reference,69512,69512,6
710737,31452672322331,11,solver_cli,68594,68594,7
710737,31452672322331,11,gcc_reference,70865,70865,6
714544,71452632222131,11,solver_cli,68875,68875,5
714544,71452632222131,11,gcc_reference,70737,70737,12
716280,71452363213232,11,solver_cli,66220,66220,13
716280,71452363213232,11,gcc_reference,68571,68571,6
717453,51342672212111,11,solver_cli,67333,67333,5
717453,51342672212111,11,gcc_reference,69695,69695,5
718540,51742632323231,11,solver_cli,65976,65976,10
718540,51742632323231,11,gcc_reference,67958,67958,8
718783,51742632323333,11,solver_cli,66397,66397,5
718783,51742632323333,11,gcc_reference,68763,68763,4
719308,51642371122313,11,solver_cli,67574,67574,6
719308,51642371122313,11,gcc_reference,69673,69673,6
720795,51642731113322,11,solver_cli,69427,69427,7
720795,51642731113322,11,gcc_reference,71196,71196,8
721434,51342763312223,11,solver_cli,62851,62851,8
721434,51342763312223,11,gcc_reference,65143,65143,5
732452,71542633132322,11,solver_cli,71471,71471,5
732452,71542633132322,11,gcc_reference,72994,72994,4
740500,41762533123331,11,solver_cli,69788,69788,10
740500,41762533123331,11,gcc_reference,71821,71821,7
740518,41762532221333,11,solver_cli,70380,70380,7
740518,41762532221333,11,gcc_reference,72331,72331,6
747225,31462751111111,11,solver_cli,63930,63930,6
747225,31462751111111,11,gcc_reference,66411,66411,4
747768,31462751113322,11,solver_cli,69034,69034,7
747768,31462751113322,11,gcc_reference,71359,71359,9
747964,71462532121112,11,solver_cli,64375,64375,10
747964,71462532121112,11,gcc_reference,67079,67079,4
748054,71462533221113,11,solver_cli,70124,70124,5
748054,71462533221113,11,gcc_reference,72250,72250,5
748206,71462532111212,11,solver_cli,65594,65594,7
748206,71462532111212,11,gcc_reference,68127,68127,5
748218,71462533111223,11,solver_cli,68964,68964,6
748218,71462533111223,11,gcc_reference,71074,71074,6
748497,71462531113322,11,solver_cli,64103,64103,5
748497,71462531113322,11,gcc_reference,66508,66508,5
749734,71562433123232,11,solver_cli,66455,66455,8
749734,71562433123232,11,gcc_reference,68698,68698,6
750699,71362453113311,11,solver_cli,68045,68045,5
750699,71362453113311,11,gcc_reference,70701,70701,5
754777,51732643121213,11,solver_cli,64192,64192,4
754777,51732643121213,11,gcc_reference,66374,66374,5
756439,51632741323232,11,solver_cli,64198,64198,7
756439,51632741323232,11,gcc_reference,66906,66906,10
758628,41532672313211,11,solver_cli,63830,63830,5
758628,41532672313211,11,gcc_reference,66223,66223,5
759761,41532761233133,11,solver_cli,64813,64813,6
759761,41532761233133,11,gcc_reference,67438,67438,5
765659,71432563332113,11,solver_cli,73017,73017,11
765659,71432563332113,11,gcc_reference,73844,73844,11
765685,71432563323113,11,solver_cli,74157,74157,12
765685,71432563323113,11,gcc_reference,75202,75202,6
765688,71432563323122,11,solver_cli,65902,65902,5
765688,71432563323122,11,gcc_reference,68344,68344,6
765705,71432562111221,11,solver_cli,65633,65633,4
765705,71432562111221,11,gcc_reference,68005,68005,6
765821,71432563232213,11,solver_cli,66490,66490,6
765821,71432563232213,11,gcc_reference,68716,68716,6
765916,71432561323232,11,solver_cli,68210,68210,4
765916,71432561323232,11,gcc_reference,70494,70494,5
766049,71432561232323,11,solver_cli,65272,65272,4
766049,71432561232323,11,gcc_reference,67558,67558,5
767500,71532463221332,11,solver_cli,66883,66883,4
767500,71532463221332,11,gcc_reference,69333,69333,5
771950,51472633331312,11,solver_cli,68238,68238,5
771950,51472633331312,11,gcc_reference,70525,70525,5
773228,51472361131313,11,solver_cli,65919,65919,6
773228,51472361131313,11,gcc_reference,68231,68231,5
778617,61472533112111,11,solver_cli,70144,70144,4
778617,61472533112111,11,gcc_reference,72451,72451,4
779128,61472532123332,11,solver_cli,63771,63771,4
779128,61472532123332,11,gcc_reference,66225,66225,4
780717,61572432312323,11,solver_cli,68857,68857,5
780717,61572432312323,11,gcc_reference,70810,70810,4
784438,31572461122133,11,solver_cli,64529,64529,4
784438,31572461122133,11,gcc_reference,67019,67019,5
787632,46352172113231,11,solver_cli,67057,67057,6
787632,46352172113231,11,gcc_reference,68943,68943,6
787650,46352171211233,11,solver_cli,69011,69011,5
787650,46352171211233,11,gcc_reference,71211,71211,5
798298,36752142122132,11,solver_cli,68533,68533,6
798298,36752142122132,11,gcc_reference,70622,70622,6
798360,36752143211132,11,solver_cli,66125,66125,6
798360,36752143211132,11,gcc_reference,68418,68418,5
798551,36752143132232,11,solver_cli,63730,63730,6
798551,36752143132232,11,gcc_reference,66377,66377,5
798565,36752142123221,11,solver_cli,69905,69905,9
798565,36752142123221,11,gcc_reference,71969,71969,8
798575,36752143133222,11,solver_cli,64977,64977,5
798575,36752143133222,11,gcc_reference,67632,67632,7
800213,36152742131321,11,solver_cli,67179,67179,8
800213,36152742131321,11,gcc_reference,69323,69323,8
800282,36152741231312,11,solver_cli,66415,66415,5
800282,36152741231312,11,gcc_reference,68514,68514,7
809600,16342571331221,11,solver_cli,67642,67642,6
809600,16342571331221,11,gcc_reference,69970,69970,7
811058,16542371331221,11,solver_cli,63553,63553,7
811058,16542371331221,11,gcc_reference,65864,65864,8
811176,16542372112331,11,solver_cli,68209,68209,8
811176,16542372112331,11,gcc_reference,70366,70366,8
811222,16542371221331,11,solver_cli,64914,64914,8
811222,16542371221331,11,gcc_reference,67313,67313,8
811982,16742352232313,11,solver_cli,70170,70170,6
811982,16742352232313,11,gcc_reference,71703,71703,8
816979,36542712121322,11,solver_cli,64880,64880,8
816979,36542712121322,11,gcc_reference,67244,67244,4
818820,76342513213112,11,solver_cli,68411,68411,7
818820,76342513213112,11,gcc_reference,70646,70646,7
818875,76342513322111,11,solver_cli,66403,66403,8
818875,76342513322111,11,gcc_reference,68564,68564,7
818884,76342511323112,11,solver_cli,67691,67691,5
818884,76342511323112,11,gcc_reference,69953,69953,5
818905,76342513323122,11,solver_cli,65348,65348,7
818905,76342513323122,11,gcc_reference,67871,67871,7
818916,76342511111231,11,solver_cli,68811,68811,8
818916,76342511111231,11,gcc_reference,70985,70985,6
819032,76342512232223,11,solver_cli,65572,65572,7
819032,76342512232223,11,gcc_reference,67962,67962,5
819145,76342513323212,11,solver_cli,64942,64942,12
819145,76342513323212,11,gcc_reference,67237,67237,12
819156,76342511111321,11,solver_cli,66582,66582,12
819156,76342511111321,11,gcc_reference,68863,68863,14
824601,56712343211123,11,solver_cli,65198,65198,12
824601,56712343211123,11,gcc_reference,67518,67518,11
824609,56712341232113,11,solver_cli,66700,66700,9
824609,56712341232113,11,gcc_reference,68981,68981,8
828554,46512371331221,11,solver_cli,64838,64838,9
828554,46512371331221,11,gcc_reference,67189,67189,9
828696,46512372113321,11,solver_cli,63472,63472,8
828696,46512372113321,11,gcc_reference,65480,65480,8
831799,36712542121112,11,solver_cli,69059,69059,8
831799,36712542121112,11,gcc_reference,71003,71003,8
831802,36712542121121,11,solver_cli,70630,70630,8
831802,36712542121121,11,gcc_reference,72531,72531,8
831826,36712542122111,11,solver_cli,67954,67954,8
831826,36712542122111,11,gcc_reference,69867,69867,8
832042,36712542121211,11,solver_cli,68364,68364,9
832042,36712542121211,11,gcc_reference,70226,70226,10
836365,76312542322121,11,solver_cli,64730,64730,9
836365,76312542322121,11,gcc_reference,67430,67430,11
836578,76312542321212,11,solver_cli,63300,63300,9
836578,76312542321212,11,gcc_reference,65793,65793,8
836617,76312543322222,11,solver_cli,68216,68216,9
836617,76312543322222,11,gcc_reference,70262,70262,9
837720,76312453211111,11,solver_cli,67708,67708,8
837720,76312453211111,11,gcc_reference,69846,69846,8
837738,76312452212111,11,solver_cli,69834,69834,5
837738,76312452212111,11,gcc_reference,72178,72178,6
838287,76312453311311,11,solver_cli,65592,65592,4
838287,76312453311311,11,gcc_reference,67985,67985,6
838989,76512343213313,11,solver_cli,66036,66036,4
838989,76512343213313,11,gcc_reference,68196,68196,6
839045,76512343332311,11,solver_cli,66537,66537,6
839045,76512343332311,11,gcc_reference,68722,68722,6
839907,56132473211111,11,solver_cli,64312,64312,6
839907,56132473211111,11,gcc_reference,66884,66884,5
840204,56132473213211,11,solver_cli,68600,68600,7
840204,56132473213211,11,gcc_reference,70924,70924,6
840527,56132472333332,11,solver_cli,66173,66173,5
840527,56132472333332,11,gcc_reference,68553,68553,6
842041,56732143122113,11,solver_cli,67265,67265,6
842041,56732143122113,11,gcc_reference,69536,69536,5
842773,56432713122122,11,solver_cli,66450,66450,5
842773,56432713122122,11,gcc_reference,68543,68543,4
850260,16532471111222,11,solver_cli,66124,66124,7
850260,16532471111222,11,gcc_reference,68692,68692,6
862981,46372511221331,11,solver_cli,64355,64355,5
862981,46372511221331,11,gcc_reference,66691,66691,5
864635,46572312132122,11,solver_cli,69005,69005,6
864635,46572312132122,11,gcc_reference,71266,71266,5
864733,46572311223122,11,solver_cli,66259,66259,5
864733,46572311223122,11,gcc_reference,68557,68557,6
867510,16572431111111,11,solver_cli,63756,63756,5
867510,16572431111111,11,gcc_reference,66331,66331,4
867909,16572433213223,11,solver_cli,64451,64451,5
867909,16572433213223,11,gcc_reference,67016,67016,6
872684,36172452133133,11,solver_cli,65691,65691,6
872684,36172452133133,11,gcc_reference,68290,68290,5
884476,63752412322112,11,solver_cli,69217,69217,6
884476,63752412322112,11,gcc_reference,71289,71289,6
884504,63752412333113,11,solver_cli,65671,65671,5
884504,63752412333113,11,gcc_reference,68189,68189,5
884656,63752411223212,11,solver_cli,70317,70317,6
884656,63752411223212,11,gcc_reference,72414,72414,6
884738,63752411333213,11,solver_cli,64591,64591,9
884738,63752411333213,11,gcc_reference,67255,67255,8
884964,63752412312323,11,solver_cli,64224,64224,7
884964,63752412312323,11,gcc_reference,66597,66597,7
885735,63752141111111,11,solver_cli,68358,68358,6
885735,63752141111111,11,gcc_reference,70597,70597,7
885892,63752143223123,11,solver_cli,66556,66556,8
885892,63752143223123,11,gcc_reference,68778,68778,6
885941,63752142332132,11,solver_cli,65689,65689,5
885941,63752142332132,11,gcc_reference,68066,68066,7
886006,63752141122211,11,solver_cli,65979,65979,9
886006,63752141122211,11,gcc_reference,68394,68394,8
886033,63752141123213,11,solver_cli,74383,74383,4
886033,63752141123213,11,gcc_reference,75380,75380,7
886054,63752143123223,11,solver_cli,73001,73001,7
886054,63752143123223,11,gcc_reference,73833,73833,7
886350,63752143212323,11,solver_cli,65195,65195,7
886350,63752143212323,11,gcc_reference,67504,67504,5
886937,63452712333221,11,solver_cli,70270,70270,5
886937,63452712333221,11,gcc_reference,72557,72557,12
887112,63452711311313,11,solver_cli,63780,63780,11
887112,63452711311313,11,gcc_reference,66231,66231,10
889236,73652413211312,11,solver_cli,70167,70167,13
889236,73652413211312,11,gcc_reference,72154,72154,11
889322,73652413331321,11,solver_cli,69579,69579,5
889322,73652413331321,11,gcc_reference,71651,71651,5
892296,53642171111111,11,solver_cli,63795,63795,8
892296,53642171111111,11,gcc_reference,66186,66186,5
895201,53742612323333,11,solver_cli,71471,71471,7
895201,53742612323333,11,gcc_reference,72997,72997,5
896998,13642571221223,11,solver_cli,69906,69906,9
896998,13642571221223,11,gcc_reference,71917,71917,4
897016,13642573221221,11,solver_cli,70454,70454,5
897016,13642573221221,11,gcc_reference,72386,72386,7
897052,13642571223221,11,solver_cli,71374,71374,7
897052,13642571223221,11,gcc_reference,73370,73370,7
898460,13542671231231,11,solver_cli,67538,67538,7
898460,13542671231231,11,gcc_reference,69861,69861,8
901044,63142571111111,11,solver_cli,67397,67397,9
901044,63142571111111,11,gcc_reference,69530,69530,9
901092,63142573112123,11,solver_cli,67573,67573,9
901092,63142573112123,11,gcc_reference,69786,69786,9
901562,63142571132321,11,solver_cli,68779,68779,9
901562,63142571132321,11,gcc_reference,71008,71008,7
902129,63742511232221,11,solver_cli,68785,68785,8
902129,63742511232221,11,gcc_reference,70667,70667,6
904471,63542713121333,11,solver_cli,65430,65430,8
904471,63542713121333,11,gcc_reference,67775,67775,8
906147,73642511111111,11,solver_cli,65305,65305,8
906147,73642511111111,11,gcc_reference,67641,67641,7
906450,73642511113232,11,solver_cli,64953,64953,9
906450,73642511113232,11,gcc_reference,67226,67226,8
906547,73642513223222,11,solver_cli,68914,68914,8
906547,73642513223222,11,gcc_reference,71133,71133,7
906690,73642511113322,11,solver_cli,66098,66098,9
906690,73642511113322,11,gcc_reference,68497,68497,8
907063,73542163321133,11,solver_cli,64130,64130,4
907063,73542163321133,11,gcc_reference,66325,66325,7
908384,73542613132121,11,solver_cli,66178,66178,7
908384,73542613132121,11,gcc_reference,68109,68109,6
908870,73542613132322,11,solver_cli,66524,66524,7
908870,73542613132322,11,gcc_reference,68861,68861,7
916332,43512671313332,11,solver_cli,67673,67673,5
916332,43512671313332,11,gcc_reference,69761,69761,6
919360,63712542221111,11,solver_cli,66256,66256,12
919360,63712542221111,11,gcc_reference,68597,68597,13
922182,63512743313333,11,solver_cli,65945,65945,5
922182,63512743313333,11,gcc_reference,68255,68255,11
928228,53762413322123,11,solver_cli,66515,66515,7
928228,53762413322123,11,gcc_reference,68742,68742,8
930094,53762143222331,11,solver_cli,67069,67069,7
930094,53762143222331,11,gcc_reference,69484,69484,8
930747,53462711113322,11,solver_cli,68855,68855,9
930747,53462711113322,11,gcc_reference,70806,70806,8
931386,53162743312223,11,solver_cli,64670,64670,7
931386,53162743312223,11,gcc_reference,67142,67142,7
936036,13462571111111,11,solver_cli,64223,64223,8
936036,13462571111111,11,gcc_reference,66667,66667,8
936666,13462572213311,11,solver_cli,67685,67685,8
936666,13462572213311,11,gcc_reference,69837,69837,7
938875,13762451321321,11,solver_cli,68044,68044,9
938875,13762451321321,11,gcc_reference,70697,70697,9
947305,53672142221213,11,solver_cli,64797,64797,8
947305,53672142221213,11,gcc_reference,67422,67422,8
950616,43572161111111,11,solver_cli,64255,64255,8
950616,43572161111111,11,gcc_reference,66941,66941,5
952761,43572612312323,11,solver_cli,69412,69412,5
952761,43572612312323,11,gcc_reference,71180,71180,6
956482,13572641122133,11,solver_cli,62903,62903,8
956482,13572641122133,11,gcc_reference,65186,65186,8
958462,63472512123332,11,solver_cli,68834,68834,6
958462,63472512123332,11,gcc_reference,70280,70280,8
960561,63172452313211,11,solver_cli,63935,63935,4
960561,63172452313211,11,gcc_reference,66414,66414,5
960780,63172452312323,11,solver_cli,69133,69133,8
960780,63172452312323,11,gcc_reference,71442,71442,7
962861,47652132231323,11,solver_cli,68235,68235,6
962861,47652132231323,11,gcc_reference,70846,70846,7
963934,47152631322131,11,solver_cli,66575,66575,6
963934,47152631322131,11,gcc_reference,68647,68647,8
964537,47352612123131,11,solver_cli,69042,69042,6
964537,47352612123131,11,gcc_reference,71363,71363,8
964644,47352612311132,11,solver_cli,70174,70174,9
964644,47352612311132,11,gcc_reference,72535,72535,8
964935,47352612313211,11,solver_cli,64241,64241,4
964935,47352612313211,11,gcc_reference,66682,66682,7
965582,47152361233232,11,solver_cli,69040,69040,9
965582,47152361233232,11,gcc_reference,71351,71351,8
968514,17452633213232,11,solver_cli,66001,66001,7
968514,17452633213232,11,gcc_reference,68286,68286,8
969784,17452363322132,11,solver_cli,68854,68854,7
969784,17452363322132,11,gcc_reference,71109,71109,9
969972,17452363213232,11,solver_cli,64987,64987,8
969972,17452363213232,11,gcc_reference,67367,67367,8
974374,67452313321232,11,solver_cli,68267,68267,9
974374,67452313321232,11,gcc_reference,70890,70890,6
977572,37452162323312,11,solver_cli,71808,71808,8
977572,37452162323312,11,gcc_reference,73376,73376,5
977892,37652141113232,11,solver_cli,64772,64772,8
977892,37652141113232,11,gcc_reference,67242,67242,9
978179,37652143231322,11,solver_cli,65501,65501,9
978179,37652143231322,11,gcc_reference,67920,67920,9
983964,57642311113322,11,solver_cli,68899,68899,9
983964,57642311113322,11,gcc_reference,71227,71227,4
984150,17642531111111,11,solver_cli,64377,64377,9
984150,17642531111111,11,gcc_reference,66788,66788,8
984426,17642531112233,11,solver_cli,70514,70514,9
984426,17642531112233,11,gcc_reference,72808,72808,7
984600,17642533312211,11,solver_cli,68911,68911,9
984600,17642533312211,11,gcc_reference,71254,71254,5
989371,67342512222113,11,solver_cli,66116,66116,5
989371,67342512222113,11,gcc_reference,68379,68379,8
993919,37642513122221,11,solver_cli,66730,66730,6
993919,37642513122221,11,gcc_reference,68762,68762,9
995715,37642152213311,11,solver_cli,69763,69763,8
995715,37642152213311,11,gcc_reference,71789,71789,8
1003791,47512632312323,11,solver_cli,69115,69115,5
1003791,47512632312323,11,gcc_reference,71405,71405,8
1006028,67412531131133,11,solver_cli,68438,68438,8
1006028,67412531131133,11,gcc_reference,71034,71034,5
1006840,67312542221111,11,solver_cli,64925,64925,8
1006840,67312542221111,11,gcc_reference,67303,67303,8
1006996,67312541121221,11,solver_cli,68712,68712,5
1006996,67312541121221,11,gcc_reference,70990,70990,6
1008842,67312452233321,11,solver_cli,69886,69886,7
1008842,67312452233321,11,gcc_reference,71895,71895,6
1009715,67412353132121,11,solver_cli,65261,65261,7
1009715,67412353132121,11,gcc_reference,67915,67915,5
1010120,67412353332221,11,solver_cli,65331,65331,6
1010120,67412353332221,11,gcc_reference,67961,67961,5
1011214,37612542221111,11,solver_cli,68913,68913,4
1011214,37612542221111,11,gcc_reference,71237,71237,9
1012876,37612453122233,11,solver_cli,64349,64349,8
1012876,37612453122233,11,gcc_reference,66347,66347,5
1022980,47162351322122,11,solver_cli,64385,64385,6
1022980,47162351322122,11,gcc_reference,66388,66388,7
1026270,17362451211311,11,solver_cli,71688,71688,5
1026270,17362451211311,11,gcc_reference,73297,73297,4
1026275,17362451231321,11,solver_cli,67610,67610,7
1026275,17362451231321,11,gcc_reference,69769,69769,6
1026333,17362452213311,11,solver_cli,67619,67619,6
1026333,17362452213311,11,gcc_reference,69774,69774,8
1027791,17462352213311,11,solver_cli,69746,69746,6
1027791,17462352213311,11,gcc_reference,71776,71776,7
1036809,47132562311111,11,solver_cli,64790,64790,7
1036809,47132562311111,11,gcc_reference,67264,67264,5
1037257,47132563222331,11,solver_cli,65522,65522,8
1037257,47132563222331,11,gcc_reference,67930,67930,6
1037985,47632513212332,11,solver_cli,68167,68167,6
1037985,47632513212332,11,gcc_reference,70795,70795,8
1039437,47632153212311,11,solver_cli,67778,67778,10
1039437,47632153212311,11,gcc_reference,69900,69900,9
1039442,47632153232321,11,solver_cli,72583,72583,9
1039442,47632153232321,11,gcc_reference,74238,74238,10
1039460,47632152233321,11,solver_cli,67921,67921,10
1039460,47632152233321,11,gcc_reference,70018,70018,9
1040918,47132652233321,11,solver_cli,69495,69495,7
1040918,47132652233321,11,gcc_reference,71572,71572,5
1046657,67132541133311,11,solver_cli,71571,71571,8
1046657,67132541133311,11,gcc_reference,73170,73170,9
1050318,15324673113311,11,solver_cli,67358,67358,8
1050318,15324673113311,11,gcc_reference,69711,69711,5
1050489,15724631111111,11,solver_cli,66789,66789,8
1050489,15724631111111,11,gcc_reference,69036,69036,8
1050802,15724632123233,11,solver_cli,65692,65692,7
1050802,15724632123233,11,gcc_reference,68152,68152,7
1050928,15724631322233,11,solver_cli,68447,68447,8
1050928,15724631322233,11,gcc_reference,70680,70680,4
1050960,15724632313223,11,solver_cli,65685,65685,6
1050960,15724632313223,11,gcc_reference,67935,67935,6
1050964,15724632323231,11,solver_cli,68490,68490,7
1050964,15724632323231,11,gcc_reference,70628,70628,7
1051025,15724633132322,11,solver_cli,66144,66144,7
1051025,15724633132322,11,gcc_reference,68446,68446,5
1051056,15724631211311,11,solver_cli,68633,68633,7
1051056,15724631211311,11,gcc_reference,70818,70818,8
1051207,15724632323333,11,solver_cli,64851,64851,6
1051207,15724632323333,11,gcc_reference,67147,67147,5
1052070,15724362212132,11,solver_cli,64860,64860,6
1052070,15724362212132,11,gcc_reference,67121,67121,7
1052983,15624732123212,11,solver_cli,64822,64822,8
1052983,15624732123212,11,gcc_reference,67503,67503,8
1053227,15624732133313,11,solver_cli,68568,68568,8
1053227,15624732133313,11,gcc_reference,70554,70554,5
1053395,15624732333332,11,solver_cli,63285,63285,8
1053395,15624732333332,11,gcc_reference,65759,65759,8
1062412,35624712121232,11,solver_cli,70962,70962,4
1062412,35624712121232,11,gcc_reference,72826,72826,8
1062568,35624712321212,11,solver_cli,67834,67834,8
1062568,35624712321212,11,gcc_reference,69790,69790,5
1062575,35624712331232,11,solver_cli,69245,69245,8
1062575,35624712331232,11,gcc_reference,71189,71189,8
1062817,35624712321332,11,solver_cli,68360,68360,5
1062817,35624712321332,11,gcc_reference,70230,70230,6
1067760,25314673111313,11,solver_cli,69752,69752,5
1067760,25314673111313,11,gcc_reference,71787,71787,8
1067762,25314673131311,11,solver_cli,70333,70333,6
1067762,25314673131311,11,gcc_reference,72296,72296,6
1067766,25314673111331,11,solver_cli,71460,71460,5
1067766,25314673111331,11,gcc_reference,73432,73432,4
1068055,25714632123131,11,solver_cli,65172,65172,7
1068055,25714632123131,11,gcc_reference,67682,67682,7
1068453,25714632313211,11,solver_cli,64907,64907,4
1068453,25714632313211,11,gcc_reference,67288,67288,6
1068496,25714633121333,11,solver_cli,68553,68553,9
1068496,25714633121333,11,gcc_reference,70826,70826,5
1068622,25714632223331,11,solver_cli,65354,65354,4
1068622,25714632223331,11,gcc_reference,67577,67577,7
1071807,65314272311132,11,solver_cli,67295,67295,8
1071807,65314272311132,11,gcc_reference,69480,69480,8
1072098,65314272313211,11,solver_cli,63251,63251,4
1072098,65314272313211,11,gcc_reference,65640,65640,5
1073974,65714323223123,11,solver_cli,68980,68980,4
1073974,65714323223123,11,gcc_reference,70396,70396,7
1078698,35714623111322,11,solver_cli,69313,69313,5
1078698,35714623111322,11,gcc_reference,71122,71122,8
1080070,35614722321233,11,solver_cli,66231,66231,7
1080070,35614722321233,11,gcc_reference,68568,68568,5
1082640,75314623113122,11,solver_cli,68412,68412,6
1082640,75314623113122,11,gcc_reference,70702,70702,5
1082867,75314621133221,11,solver_cli,67948,67948,7
1082867,75314621133221,11,gcc_reference,70102,70102,8
1083024,75314621313212,11,solver_cli,68115,68115,7
1083024,75314621313212,11,gcc_reference,70164,70164,7
1085155,25364173223231,11,solver_cli,69140,69140,8
1085155,25364173223231,11,gcc_reference,71313,71313,9
1085172,25364172311231,11,solver_cli,67242,67242,5
1085172,25364172311231,11,gcc_reference,69120,69120,8
1099591,75264132121232,11,solver_cli,64182,64182,9
1099591,75264132121232,11,gcc_reference,66776,66776,9
1099747,75264132321212,11,solver_cli,64964,64964,9
1099747,75264132321212,11,gcc_reference,67617,67617,6
1099757,75264133331213,11,solver_cli,69589,69589,9
1099757,75264133331213,11,gcc_reference,71710,71710,9
1099843,75264133121333,11,solver_cli,68790,68790,5
1099843,75264133121333,11,gcc_reference,70835,70835,4
1099969,75264132223331,11,solver_cli,66078,66078,9
1099969,75264132223331,11,gcc_reference,68357,68357,5
1100891,75264313231112,11,solver_cli,67038,67038,7
1100891,75264313231112,11,gcc_reference,69229,69229,8
1100929,75264311223122,11,solver_cli,66209,66209,8
1100929,75264311223122,11,gcc_reference,68321,68321,7
1103068,25734162221111,11,solver_cli,68588,68588,7
1103068,25734162221111,11,gcc_reference,71163,71163,7
1104174,25134672313211,11,solver_cli,63813,63813,5
1104174,25134672313211,11,gcc_reference,66309,66309,7
1104341,25134672233321,11,solver_cli,70084,70084,8
1104341,25134672233321,11,gcc_reference,72438,72438,8
1104393,25134672312323,11,solver_cli,68250,68250,8
1104393,25134672312323,11,gcc_reference,70678,70678,7
1104996,25734613113323,11,solver_cli,66556,66556,5
1104996,25734613113323,11,gcc_reference,68608,68608,7
1106323,25634713321232,11,solver_cli,68795,68795,7
1106323,25634713321232,11,gcc_reference,71142,71142,7
1109228,15734622331223,11,solver_cli,65331,65331,7
1109228,15734622331223,11,gcc_reference,67710,67710,4
1110688,15634722321233,11,solver_cli,65250,65250,6
1110688,15634722321233,11,gcc_reference,67590,67590,5
1110823,15634722123332,11,solver_cli,68388,68388,7
1110823,15634722123332,11,gcc_reference,70704,70704,4
1115027,65134721233232,11,solver_cli,67973,67973,6
1115027,65134721233232,11,gcc_reference,70634,70634,6
1116919,75234162221111,11,solver_cli,64863,64863,5
1116919,75234162221111,11,gcc_reference,67354,67354,4
1117267,75234161322233,11,solver_cli,65399,65399,6
1117267,75234161322233,11,gcc_reference,67796,67796,7
1117795,75634123323122,11,solver_cli,71957,71957,5
1117795,75634123323122,11,gcc_reference,73499,73499,7
1128562,65174232123131,11,solver_cli,64015,64015,5
1128562,65174232123131,11,gcc_reference,66411,66411,4
1128917,65174233331213,11,solver_cli,70207,70207,7
1128917,65174233331213,11,gcc_reference,72315,72315,6
1128970,65174233323212,11,solver_cli,65153,65153,7
1128970,65174233323212,11,gcc_reference,67745,67745,6
1129043,65174232133313,11,solver_cli,69260,69260,6
1129043,65174232133313,11,gcc_reference,71324,71324,10
1129204,65174232323312,11,solver_cli,65309,65309,6
1129204,65174232323312,11,gcc_reference,67880,67880,5
1129950,65274131111111,11,solver_cli,65527,65527,9
1129950,65274131111111,11,gcc_reference,67789,67789,7
1130243,65274133132223,11,solver_cli,66098,66098,8
1130243,65274133132223,11,gcc_reference,68509,68509,8
1130382,65274131312213,11,solver_cli,72519,72519,9
1130382,65274131312213,11,gcc_reference,73421,73421,9
1130403,65274133312223,11,solver_cli,74633,74633,9
1130403,65274133312223,11,gcc_reference,75605,75605,9
1130506,65274132123332,11,solver_cli,65024,65024,9
1130506,65274132123332,11,gcc_reference,67494,67494,6
1130567,65274133232321,11,solver_cli,68263,68263,7
1130567,65274133232321,11,gcc_reference,70504,70504,8
1130598,65274131311313,11,solver_cli,66230,66230,9
1130598,65274131311313,11,gcc_reference,68512,68512,8
1132294,65174323223123,11,solver_cli,63753,63753,8
1132294,65174323223123,11,gcc_reference,66204,66204,8
1132605,65174322313211,11,solver_cli,70115,70115,9
1132605,65174322313211,11,gcc_reference,72425,72425,9
1132958,35174262231113,11,solver_cli,70001,70001,10
1132958,35174262231113,11,gcc_reference,72004,72004,9
1133016,35174262213131,11,solver_cli,69944,69944,10
1133016,35174262213131,11,gcc_reference,71969,71969,9
1137240,12354671111111,11,solver_cli,67148,67148,9
1137240,12354671111111,11,gcc_reference,69508,69508,9
1140895,12354762121112,11,solver_cli,65700,65700,9
1140895,12354762121112,11,gcc_reference,68251,68251,9
1140911,12354763131131,11,solver_cli,63598,63598,8
1140911,12354763131131,11,gcc_reference,66028,66028,9
1140959,12354763133111,11,solver_cli,67227,67227,5
1140959,12354763133111,11,gcc_reference,69785,69785,8
1140987,12354763211123,11,solver_cli,66263,66263,8
1140987,12354763211123,11,gcc_reference,68642,68642,8
1141059,12354762311123,11,solver_cli,64664,64664,8
1141059,12354762311123,11,gcc_reference,66982,66982,8
1141138,12354762121211,11,solver_cli,64106,64106,4
1141138,12354762121211,11,gcc_reference,66691,66691,11
1141401,12354761112323,11,solver_cli,62726,62726,5
1141401,12354761112323,11,gcc_reference,64962,64962,10
1144714,62154733321121,11,solver_cli,66953,66953,11
1144714,62154733321121,11,gcc_reference,69261,69261,11
1146819,32754163211123,11,solver_cli,65275,65275,4
1146819,32754163211123,11,gcc_reference,67392,67392,5
1155402,52314673311311,11,solver_cli,67467,67467,5
1155402,52314673311311,11,gcc_reference,69815,69815,8
1155622,52714633223123,11,solver_cli,65771,65771,5
1155622,52714633223123,11,gcc_reference,68201,68201,7
1155864,52714633213223,11,solver_cli,65732,65732,5
1155864,52714633213223,11,gcc_reference,67731,67731,5
1156662,52614372313211,11,solver_cli,62656,62656,5
1156662,52614372313211,11,gcc_reference,64967,64967,5
1157033,52714361232113,11,solver_cli,69532,69532,6
1157033,52714361232113,11,gcc_reference,71298,71298,6
1158574,52314761322122,11,solver_cli,67497,67497,5
1158574,52314761322122,11,gcc_reference,69606,69606,5
1165877,32714652332132,11,solver_cli,70959,70959,5
1165877,32714652332132,11,gcc_reference,72555,72555,5
1176876,12364571112212,11,solver_cli,67629,67629,6
1176876,12364571112212,11,gcc_reference,69951,69951,5
1179760,12564733323122,11,solver_cli,69506,69506,6
1179760,12564733323122,11,gcc_reference,71118,71118,5
1180311,12364751113133,11,solver_cli,64661,64661,5
1180311,12364751113133,11,gcc_reference,67108,67108,5
1180437,12364753311131,11,solver_cli,68147,68147,5
1180437,12364753311131,11,gcc_reference,70310,70310,4
1180521,12364751112212,11,solver_cli,63361,63361,6
1180521,12364751112212,11,gcc_reference,65696,65696,6
1180980,32164571111111,11,solver_cli,66542,66542,5
1180980,32164571111111,11,gcc_reference,68827,68827,5
1181229,32164571111231,11,solver_cli,68581,68581,5
1181229,32164571111231,11,gcc_reference,70776,70776,6
1181345,32164572232223,11,solver_cli,64735,64735,5
1181345,32164572232223,11,gcc_reference,67045,67045,4
1181458,32164573323212,11,solver_cli,65423,65423,4
1181458,32164573323212,11,gcc_reference,67822,67822,5
1181579,32164571232323,11,solver_cli,67674,67674,6
1181579,32164571232323,11,gcc_reference,69943,69943,5
1181585,32164572232313,11,solver_cli,65991,65991,5
1181585,32164572232313,11,gcc_reference,68436,68436,4
1181615,32164572233321,11,solver_cli,68156,68156,6
1181615,32164572233321,11,gcc_reference,70421,70421,5
1181667,32164572312323,11,solver_cli,65343,65343,5
1181667,32164572312323,11,gcc_reference,67648,67648,5
1189019,72164353131113,11,solver_cli,65498,65498,4
1189019,72164353131113,11,gcc_reference,67784,67784,5
1192754,52134761232113,11,solver_cli,69698,69698,5
1192754,52134761232113,11,gcc_reference,71902,71902,8
1195270,12734561322233,11,solver_cli,70468,70468,4
1195270,12734561322233,11,gcc_reference,72766,72766,7
1195302,12734562313223,11,solver_cli,68929,68929,5
1195302,12734562313223,11,gcc_reference,71288,71288,7
1195347,12734561112323,11,solver_cli,65297,65297,5
1195347,12734561112323,11,gcc_reference,67756,67756,7
1199137,62134572321323,11,solver_cli,65712,65712,5
1199137,62134572321323,11,gcc_reference,68018,68018,5
1203291,72134562312212,11,solver_cli,66971,66971,8
1203291,72134562312212,11,gcc_reference,68969,68969,8
1204410,72534163211123,11,solver_cli,70009,70009,4
1204410,72534163211123,11,gcc_reference,72022,72022,7
1208469,52374161112323,11,solver_cli,63965,63965,5
1208469,52374161112323,11,gcc_reference,66344,66344,9
1208839,52174633223123,11,solver_cli,71020,71020,9
1208839,52174633223123,11,gcc_reference,72614,72614,9
1212571,12374561121212,11,solver_cli,69778,69778,9
1212571,12374561121212,11,gcc_reference,71816,71816,9
1212579,12374562111212,11,solver_cli,69973,69973,5
1212579,12374562111212,11,gcc_reference,71979,71979,5
1212651,12374561211212,11,solver_cli,71366,71366,9
1212651,12374561211212,11,gcc_reference,73359,73359,8
1214031,12374651111222,11,solver_cli,67186,67186,9
1214031,12374651111222,11,gcc_reference,69562,69562,8
1216395,62174533311212,11,solver_cli,69109,69109,9
1216395,62174533311212,11,gcc_reference,70960,70960,4
1216908,62374513312112,11,solver_cli,68573,68573,10
1216908,62374513312112,11,gcc_reference,70827,70827,10
1217235,62374513112321,11,solver_cli,68208,68208,11
1217235,62374513112321,11,gcc_reference,70230,70230,9
1217377,62374511322311,11,solver_cli,67842,67842,11
1217377,62374511322311,11,gcc_reference,70011,70011,8
1219651,62174351122133,11,solver_cli,66011,66011,8
1219651,62174351122133,11,gcc_reference,68287,68287,7
1220456,32174561232113,11,solver_cli,65687,65687,8
1220456,32174561232113,11,gcc_reference,68136,68136,8
1220681,32174562231212,11,solver_cli,69372,69372,8
1220681,32174562231212,11,gcc_reference,71522,71522,8
1220705,32174561232233,11,solver_cli,65037,65037,9
1220705,32174561232233,11,gcc_reference,67285,67285,9
1220862,32174561112323,11,solver_cli,64069,64069,5
1220862,32174561112323,11,gcc_reference,66565,66565,10
1223088,32674152113333,11,solver_cli,65150,65150,9
1223088,32674152113333,11,gcc_reference,67232,67232,6
1224197,32174652332132,11,solver_cli,65767,65767,4
1224197,32174652332132,11,gcc_reference,68195,68195,8
1224681,32174652312332,11,solver_cli,66209,66209,7
1224681,32174652312332,11,gcc_reference,68135,68135,8
1224740,21354673131113,11,solver_cli,65176,65176,6
1224740,21354673131113,11,gcc_reference,67821,67821,4
1224748,21354671122112,11,solver_cli,66673,66673,4
1224748,21354671122112,11,gcc_reference,69330,69330,5
1224802,21354671221112,11,solver_cli,63593,63593,5
1224802,21354671221112,11,gcc_reference,66046,66046,6
1224894,21354672311123,11,solver_cli,65138,65138,6
1224894,21354672311123,11,gcc_reference,67389,67389,6
1224897,21354672311132,11,solver_cli,66059,66059,4
1224897,21354672311132,11,gcc_reference,68464,68464,4
1225188,21354672313211,11,solver_cli,62826,62826,7
1225188,21354672313211,11,gcc_reference,65041,65041,7
1225208,21354671131313,11,solver_cli,64449,64449,7
1225208,21354671131313,11,gcc_reference,66988,66988,7
1226390,21654373332122,11,solver_cli,63960,63960,6
1226390,21654373332122,11,gcc_reference,66275,66275,3
1226633,21654373332221,11,solver_cli,69175,69175,8
1226633,21654373332221,11,gcc_reference,71236,71236,6
1226759,21654372231323,11,solver_cli,62999,62999,5
1226759,21654372231323,11,gcc_reference,65219,65219,7
1226813,21654372233321,11,solver_cli,66508,66508,6
1226813,21654372233321,11,gcc_reference,68685,68685,5
1228636,21354761122211,11,solver_cli,68078,68078,7
1228636,21354761122211,11,gcc_reference,70366,70366,8
1228641,21354761112233,11,solver_cli,65887,65887,8
1228641,21354761112233,11,gcc_reference,68118,68118,7
1228662,21354761113211,11,solver_cli,67677,67677,7
1228662,21354761113211,11,gcc_reference,69824,69824,8
1228815,21354763312211,11,solver_cli,63738,63738,9
1228815,21354763312211,11,gcc_reference,65896,65896,8
1228878,21354761112311,11,solver_cli,67623,67623,9
1228878,21354761112311,11,gcc_reference,69803,69803,9
1228907,21354761133311,11,solver_cli,67006,67006,7
1228907,21354761133311,11,gcc_reference,69435,69435,5
1228908,21354761113322,11,solver_cli,63954,63954,9
1228908,21354761113322,11,gcc_reference,66089,66089,7
1228995,21354762213311,11,solver_cli,66207,66207,8
1228995,21354762213311,11,gcc_reference,68386,68386,9
1234182,31654272313322,11,solver_cli,68289,68289,5
1234182,31654272313322,11,gcc_reference,70479,70479,8
1235822,31754621331122,11,solver_cli,67278,67278,9
1235822,31754621331122,11,gcc_reference,69538,69538,7
1242300,51324671211122,11,solver_cli,67714,67714,7
1242300,51324671211122,11,gcc_reference,69935,69935,5
1242333,51324672212111,11,solver_cli,64400,64400,8
1242333,51324672212111,11,gcc_reference,66862,66862,8
1242774,51324673113311,11,solver_cli,63945,63945,9
1242774,51324673113311,11,gcc_reference,66176,66176,8
1244665,51724363121213,11,solver_cli,69281,69281,4
1244665,51724363121213,11,gcc_reference,71514,71514,8
1244686,51724362122222,11,solver_cli,66929,66929,8
1244686,51724362122222,11,gcc_reference,69126,69126,7
1245324,51624731312123,11,solver_cli,66564,66564,4
1245324,51624731312123,11,gcc_reference,68656,68656,5
1245367,51624733323113,11,solver_cli,66575,66575,6
1245367,51624733323113,11,gcc_reference,68734,68734,7
1245864,51324761111123,11,solver_cli,62957,62957,4
1245864,51324761111123,11,gcc_reference,65049,65049,7
1246425,51324763113332,11,solver_cli,64585,64585,6
1246425,51324763113332,11,gcc_reference,66977,66977,4
1252634,31524673332122,11,solver_cli,69998,69998,5
1252634,31524673332122,11,gcc_reference,71554,71554,6
1254885,31624751112233,11,solver_cli,65753,65753,6
1254885,31624751112233,11,gcc_reference,68005,68005,6
1255059,31624753312211,11,solver_cli,66113,66113,5
1255059,31624753312211,11,gcc_reference,68487,68487,8
1263171,51264731113322,11,solver_cli,66978,66978,8
1263171,51264731113322,11,gcc_reference,69243,69243,8
1263258,51264732213311,11,solver_cli,66173,66173,5
1263258,51264732213311,11,gcc_reference,68358,68358,8
1267902,21364752311111,11,solver_cli,63236,63236,8
1267902,21364752311111,11,gcc_reference,65278,65278,5
1268100,21364753212212,11,solver_cli,64905,64905,8
1268100,21364753212212,11,gcc_reference,67248,67248,8
1268740,31264572122213,11,solver_cli,68071,68071,8
1268740,31264572122213,11,gcc_reference,70131,70131,8
1268833,31264573222223,11,solver_cli,63227,63227,8
1268833,31264573222223,11,gcc_reference,65724,65724,8
1268993,31264573132313,11,solver_cli,64759,64759,5
1268993,31264573132313,11,gcc_reference,67445,67445,9
1270035,31564272212111,11,solver_cli,66077,66077,9
1270035,31564272212111,11,gcc_reference,68411,68411,9
1270476,31564273113311,11,solver_cli,69180,69180,9
1270476,31564273113311,11,gcc_reference,71596,71596,9
1270548,31564272213311,11,solver_cli,66725,66725,4
1270548,31564272213311,11,gcc_reference,68994,68994,7
1272146,31264752132122,11,solver_cli,66288,66288,4
1272146,31264752132122,11,gcc_reference,68508,68508,6
1272333,31264752313121,11,solver_cli,66089,66089,7
1272333,31264752313121,11,gcc_reference,68255,68255,7
1273181,71264533231223,11,solver_cli,67866,67866,4
1273181,71264533231223,11,gcc_reference,69806,69806,4
1273343,71264533131323,11,solver_cli,68065,68065,6
1273343,71264533131323,11,gcc_reference,69993,69993,5
1273421,71264533231313,11,solver_cli,70192,70192,6
1273421,71264533231313,11,gcc_reference,72154,72154,7
1273423,71264533221323,11,solver_cli,69590,69590,9
1273423,71264533221323,11,gcc_reference,71457,71457,5
1283839,21734652123131,11,solver_cli,69737,69737,6
1283839,21734652123131,11,gcc_reference,71955,71955,8
1286327,61234573232213,11,solver_cli,68487,68487,7
1286327,61234573232213,11,gcc_reference,70806,70806,9
1286537,61234572231323,11,solver_cli,65219,65219,6
1286537,61234572231323,11,gcc_reference,67569,67569,5
1287304,61734523222331,11,solver_cli,68262,68262,4
1287304,61734523222331,11,gcc_reference,70877,70877,8
1287591,61534272311132,11,solver_cli,69669,69669,8
1287591,61534272311132,11,gcc_reference,71703,71703,8
1289169,61534721113211,11,solver_cli,65721,65721,8
1289169,61534721113211,11,gcc_reference,68289,68289,4
1289385,61534721112311,11,solver_cli,65676,65676,5
1289385,61534721112311,11,gcc_reference,68262,68262,6
1290920,71234563231322,11,solver_cli,68138,68138,7
1290920,71234563231322,11,gcc_reference,70566,70566,7
1292071,71534262122222,11,solver_cli,63672,63672,7
1292071,71534262122222,11,gcc_reference,65773,65773,4
1301504,21374653333121,11,solver_cli,67783,67783,5
1301504,21374653333121,11,gcc_reference,69864,69864,6
1304033,61274532231323,11,solver_cli,66190,66190,7
1304033,61274532231323,11,gcc_reference,68559,68559,7
1307319,61274351313131,11,solver_cli,65757,65757,6
1307319,61274351313131,11,gcc_reference,68072,68072,6
1314101,26154372332213,11,solver_cli,64031,64031,8
1314101,26154372332213,11,gcc_reference,66050,66050,8
1319943,16254733312223,11,solver_cli,67802,67802,6
1319943,16254733312223,11,gcc_reference,70072,70072,8
1323509,36754123232222,11,solver_cli,68419,68419,7
1323509,36754123232222,11,gcc_reference,70296,70296,8
1326424,76354213222223,11,solver_cli,64918,64918,6
1326424,76354213222223,11,gcc_reference,67298,67298,6
1326498,76354212312233,11,solver_cli,73293,73293,8
1326498,76354212312233,11,gcc_reference,74264,74264,7
1326504,76354213312223,11,solver_cli,75775,75775,8
1326504,76354213312223,11,gcc_reference,76774,76774,6
1326684,76354212213323,11,solver_cli,73518,73518,9
1326684,76354212213323,11,gcc_reference,74447,74447,8
1326765,76354212313322,11,solver_cli,76007,76007,9
1326765,76354212313322,11,gcc_reference,76951,76951,8
1326770,76354212333332,11,solver_cli,65944,65944,5
1326770,76354212333332,11,gcc_reference,68178,68178,6
1327449,76254133311323,11,solver_cli,71461,71461,9
1327449,76254133311323,11,gcc_reference,73334,73334,9
1327540,76354121122121,11,solver_cli,64704,64704,7
1327540,76354121122121,11,gcc_reference,67267,67267,8
1327548,76354122112121,11,solver_cli,63870,63870,9
1327548,76354122112121,11,gcc_reference,66559,66559,7
1327611,76354123211123,11,solver_cli,63659,63659,7
1327611,76354123211123,11,gcc_reference,66033,66033,7
1327614,76354123211132,11,solver_cli,65892,65892,8
1327614,76354123211132,11,gcc_reference,68230,68230,9
1327731,76354121313131,11,solver_cli,65509,65509,7
1327731,76354121313131,11,gcc_reference,68084,68084,6
1327753,76354121121212,11,solver_cli,66418,66418,9
1327753,76354121121212,11,gcc_reference,69045,69045,4
1327761,76354122111212,11,solver_cli,64407,64407,9
1327761,76354122111212,11,gcc_reference,66968,66968,8
1327872,76354122212222,11,solver_cli,67413,67413,8
1327872,76354122212222,11,gcc_reference,69688,69688,8
1328157,76354121311313,11,solver_cli,65937,65937,8
1328157,76354121311313,11,gcc_reference,68513,68513,5
1328235,76354123313333,11,solver_cli,67604,67604,7
1328235,76354123313333,11,gcc_reference,69534,69534,7
1328337,76254313211111,11,solver_cli,64181,64181,7
1328337,76254313211111,11,gcc_reference,66300,66300,7
1329203,76154323333112,11,solver_cli,67733,67733,7
1329203,76154323333112,11,gcc_reference,69804,69804,11
1330270,56324171221331,11,solver_cli,66114,66114,5
1330270,56324171221331,11,gcc_reference,68677,68677,8
1331403,56124371111231,11,solver_cli,63646,63646,8
1331403,56124371111231,11,gcc_reference,66244,66244,8
1331753,56124371232323,11,solver_cli,64422,64422,6
1331753,56124371232323,11,gcc_reference,67007,67007,8
1337046,16524731113133,11,solver_cli,65136,65136,5
1337046,16524731113133,11,gcc_reference,67588,67588,5
1337256,16524731112212,11,solver_cli,69103,69103,8
1337256,16524731112212,11,gcc_reference,71549,71549,7
1337262,16524731112233,11,solver_cli,67332,67332,8
1337262,16524731112233,11,gcc_reference,69517,69517,5
1345243,76324153323122,11,solver_cli,65844,65844,5
1345243,76324153323122,11,gcc_reference,68257,68257,4
1345281,76324151112233,11,solver_cli,65288,65288,9
1345281,76324151112233,11,gcc_reference,67719,67719,5
1345521,76324151112323,11,solver_cli,68591,68591,9
1345521,76324151112323,11,gcc_reference,70916,70916,6
1346162,76524313331222,11,solver_cli,66095,66095,5
1346162,76524313331222,11,gcc_reference,68627,68627,4
1352311,26714532121133,11,solver_cli,70736,70736,6
1352311,26714532121133,11,gcc_reference,72632,72632,7
1352409,26714531212133,11,solver_cli,69689,69689,6
1352409,26714531212133,11,gcc_reference,71740,71740,7
1356779,36714521232113,11,solver_cli,64287,64287,5
1356779,36714521232113,11,gcc_reference,66677,66677,5
1356949,36714522122213,11,solver_cli,69093,69093,6
1356949,36714522122213,11,gcc_reference,71192,71192,7
1356962,36714523132223,11,solver_cli,64857,64857,7
1356962,36714523132223,11,gcc_reference,67474,67474,6
1357168,36714522121322,11,solver_cli,69868,69868,9
1357168,36714522121322,11,gcc_reference,72029,72029,4
1357205,36714523132322,11,solver_cli,65261,65261,7
1357205,36714523132322,11,gcc_reference,67859,67859,7
1357515,36514272212111,11,solver_cli,68715,68715,6
1357515,36514272212111,11,gcc_reference,71274,71274,5
1358492,36714252232223,11,solver_cli,66326,66326,7
1358492,36714252232223,11,gcc_reference,68572,68572,5
1363340,76514321232113,11,solver_cli,69760,69760,8
1363340,76514321232113,11,gcc_reference,71961,71961,8
1363746,76514321112323,11,solver_cli,64348,64348,8
1363746,76514321112323,11,gcc_reference,66770,66770,5
1372700,26534713333313,11,solver_cli,63700,63700,7
1372700,26534713333313,11,gcc_reference,65800,65800,8
1374894,16534271111111,11,solver_cli,71155,71155,8
1374894,16534271111111,11,gcc_reference,72817,72817,8
1374900,16534271111132,11,solver_cli,67039,67039,8
1374900,16534271111132,11,gcc_reference,69264,69264,8
1374993,16534273211111,11,solver_cli,67236,67236,8
1374993,16534273211111,11,gcc_reference,69441,69441,7
1376454,16534723211123,11,solver_cli,70107,70107,8
1376454,16534723211123,11,gcc_reference,72085,72085,8
1382902,56174232323333,11,solver_cli,66388,66388,7
1382902,56174232323333,11,gcc_reference,68642,68642,8
1383821,56274132331133,11,solver_cli,66605,66605,8
1383821,56274132331133,11,gcc_reference,69097,69097,4
1385568,56274312313211,11,solver_cli,65320,65320,9
1385568,56274312313211,11,gcc_reference,67706,67706,8
1385939,56174321232113,11,solver_cli,68776,68776,7
1385939,56174321232113,11,gcc_reference,70743,70743,7
1391763,16374523211123,11,solver_cli,66932,66932,9
1391763,16374523211123,11,gcc_reference,69178,69178,9
1392177,16374521112323,11,solver_cli,64027,64027,8
1392177,16374521112323,11,gcc_reference,66501,66501,8
1392450,16574231113133,11,solver_cli,68628,68628,8
1392450,16574231113133,11,gcc_reference,71203,71203,8
1405336,13754262123323,11,solver_cli,63911,63911,8
1405336,13754262123323,11,gcc_reference,65935,65935,8
1407208,13254763323122,11,solver_cli,64493,64493,8
1407208,13254763323122,11,gcc_reference,66737,66737,7
1407391,13254762321233,11,solver_cli,63281,63281,8
1407391,13254762321233,11,gcc_reference,65461,65461,8
1407409,13254761322233,11,solver_cli,67260,67260,7
1407409,13254761322233,11,gcc_reference,69343,69343,8
1407676,13254761323322,11,solver_cli,68425,68425,9
1407676,13254761323322,11,gcc_reference,70575,70575,6
1409206,63754213122122,11,solver_cli,67831,67831,8
1409206,63754213122122,11,gcc_reference,69900,69900,9
1413537,73654211111132,11,solver_cli,63391,63391,6
1413537,73654211111132,11,gcc_reference,65622,65622,8
1415001,73654122111122,11,solver_cli,68668,68668,8
1415001,73654122111122,11,gcc_reference,70963,70963,8
1415080,73654122221111,11,solver_cli,64578,64578,7
1415080,73654122221111,11,gcc_reference,66927,66927,8
1419373,53724612121112,11,solver_cli,64711,64711,5
1419373,53724612121112,11,gcc_reference,67114,67114,8
1428373,63724153121213,11,solver_cli,65231,65231,9
1428373,63724153121213,11,gcc_reference,67491,67491,8
1431052,73624513121132,11,solver_cli,67223,67223,8
1431052,73624513121132,11,gcc_reference,69375,69375,8
1431242,73624513332131,11,solver_cli,66050,66050,5
1431242,73624513332131,11,gcc_reference,68196,68196,8
1437005,53714622233111,11,solver_cli,68338,68338,5
1437005,53714622233111,11,gcc_reference,70621,70621,6
1438428,53614721212121,11,solver_cli,66033,66033,5
1438428,53614721212121,11,gcc_reference,68321,68321,6
1444355,63714522332132,11,solver_cli,63368,63368,6
1444355,63714522332132,11,gcc_reference,65876,65876,7
1444665,63714521112323,11,solver_cli,70007,70007,8
1444665,63714521112323,11,gcc_reference,72350,72350,6
1445677,63714252123131,11,solver_cli,69039,69039,6
1445677,63714252123131,11,gcc_reference,70982,70982,7
1450497,73614251112323,11,solver_cli,65570,65570,4
1450497,73614251112323,11,gcc_reference,67932,67932,6
1456701,23164573213133,11,solver_cli,64454,64454,5
1456701,23164573213133,11,gcc_reference,66786,66786,5
1460684,23164752131312,11,solver_cli,69192,69192,5
1460684,23164752131312,11,gcc_reference,71429,71429,7
1460909,23164753333313,11,solver_cli,66855,66855,6
1460909,23164753333313,11,gcc_reference,69083,69083,7
1463578,13764252323231,11,solver_cli,64289,64289,5
1463578,13764252323231,11,gcc_reference,66884,66884,5
1463670,13764251211311,11,solver_cli,63830,63830,4
1463670,13764251211311,11,gcc_reference,66397,66397,5
1467418,73564213321322,11,solver_cli,65514,65514,6
1467418,73564213321322,11,gcc_reference,68138,68138,7
1471467,53274163211222,11,solver_cli,64728,64728,4
1471467,53274163211222,11,gcc_reference,67371,67371,5
1476842,23674153232321,11,solver_cli,64694,64694,5
1476842,23674153232321,11,gcc_reference,67328,67328,7
1477753,23174652123131,11,solver_cli,69542,69542,7
1477753,23174652123131,11,gcc_reference,71298,71298,6
1482573,13274651112323,11,solver_cli,62727,62727,4
1482573,13274651112323,11,gcc_reference,65031,65031,6
1483721,63174522332132,11,solver_cli,68758,68758,5
1483721,63174522332132,11,gcc_reference,70207,70207,9
1484314,63574212123131,11,solver_cli,69592,69592,7
1484314,63574212123131,11,gcc_reference,71840,71840,7
1484712,63574212313211,11,solver_cli,64159,64159,7
1484712,63574212313211,11,gcc_reference,66609,66609,8
1488795,27154632311132,11,solver_cli,65550,65550,9
1488795,27154632311132,11,gcc_reference,67631,67631,9
1496635,67154233323332,11,solver_cli,67997,67997,5
1496635,67154233323332,11,gcc_reference,69922,69922,9
1496742,67354213211132,11,solver_cli,65783,65783,9
1496742,67354213211132,11,gcc_reference,68142,68142,9
1496748,67354211212121,11,solver_cli,64901,64901,9
1496748,67354211212121,11,gcc_reference,67557,67557,5
1496814,67354212311132,11,solver_cli,63588,63588,8
1496814,67354212311132,11,gcc_reference,65965,65965,8
1496853,67354211313113,11,solver_cli,64486,64486,8
1496853,67354211313113,11,gcc_reference,67102,67102,6
1496855,67354211333111,11,solver_cli,64981,64981,8
1496855,67354211333111,11,gcc_reference,67509,67509,4
1496892,67354212111221,11,solver_cli,66732,66732,7
1496892,67354212111221,11,gcc_reference,69185,69185,8
1497000,67354212212222,11,solver_cli,67516,67516,8
1497000,67354212212222,11,gcc_reference,69456,69456,8
1497141,67354213111313,11,solver_cli,64133,64133,7
1497141,67354213111313,11,gcc_reference,66726,66726,7
1497143,67354213131311,11,solver_cli,66491,66491,8
1497143,67354213131311,11,gcc_reference,69101,69101,9
1497363,67354213313333,11,solver_cli,68005,68005,13
1497363,67354213313333,11,gcc_reference,70185,70185,5
1498095,67354121111111,11,solver_cli,65175,65175,8
1498095,67354121111111,11,gcc_reference,67568,67568,9
1498832,67254311131133,11,solver_cli,63946,63946,5
1498832,67254311131133,11,gcc_reference,66373,66373,9
1499004,67254313311113,11,solver_cli,68256,68256,10
1499004,67254313311113,11,gcc_reference,70594,70594,9
1501428,37654212311222,11,solver_cli,70998,70998,10
1501428,37654212311222,11,gcc_reference,72955,72955,5
1510329,17324561211323,11,solver_cli,66822,66822,5
1510329,17324561211323,11,gcc_reference,68758,68758,7
1510361,17324561232332,11,solver_cli,68786,68786,10
1510361,17324561232332,11,gcc_reference,71006,71006,5
1518842,37624512231212,11,solver_cli,68211,68211,9
1518842,37624512231212,11,gcc_reference,70340,70340,8
1518866,37624511232233,11,solver_cli,65669,65669,6
1518866,37624511232233,11,gcc_reference,68044,68044,6
1519006,37624512121322,11,solver_cli,69655,69655,6
1519006,37624512121322,11,gcc_reference,71759,71759,8
1519016,37624513131323,11,solver_cli,65069,65069,7
1519016,37624513131323,11,gcc_reference,67704,67704,7
1519094,37624513231313,11,solver_cli,64020,64020,5
1519094,37624513231313,11,gcc_reference,66625,66625,5
1520379,37624152311213,11,solver_cli,67196,67196,8
1520379,37624152311213,11,gcc_reference,69470,69470,7
1523970,57214632212213,11,solver_cli,64990,64990,9
1523970,57214632212213,11,gcc_reference,67074,67074,9
1525534,57214361323232,11,solver_cli,64875,64875,11
1525534,57214361323232,11,gcc_reference,67486,67486,4
1529181,27314652313211,11,solver_cli,63799,63799,8
1529181,27314652313211,11,gcc_reference,66217,66217,9
1530843,27614353311332,11,solver_cli,64940,64940,9
1530843,27614353311332,11,gcc_reference,67555,67555,9
1536003,37614521111111,11,solver_cli,65296,65296,8
1536003,37614521111111,11,gcc_reference,67576,67576,5
1536258,37614522111221,11,solver_cli,66486,66486,5
1536258,37614522111221,11,gcc_reference,68719,68719,7
1536374,37614523232213,11,solver_cli,65518,65518,7
1536374,37614523232213,11,gcc_reference,67909,67909,8
1536469,37614521323232,11,solver_cli,68060,68060,9
1536469,37614521323232,11,gcc_reference,70356,70356,8
1536555,37614522113321,11,solver_cli,72687,72687,6
1536555,37614522113321,11,gcc_reference,73548,73548,8
1536715,37614522323312,11,solver_cli,65833,65833,7
1536715,37614522323312,11,gcc_reference,68278,68278,8
1536717,37614522313322,11,solver_cli,74748,74748,11
1536717,37614522313322,11,gcc_reference,75702,75702,5
1537555,37614252221123,11,solver_cli,66976,66976,4
1537555,37614252221123,11,gcc_reference,69384,69384,8
1540589,57364213332122,11,solver_cli,65523,65523,8
1540589,57364213332122,11,gcc_reference,67993,67993,8
1540845,57364212313211,11,solver_cli,69279,69279,9
1540845,57364212313211,11,gcc_reference,71507,71507,8
1541007,57364212213311,11,solver_cli,64463,64463,8
1541007,57364212213311,11,gcc_reference,67011,67011,5
1541604,57264132111323,11,solver_cli,67374,67374,6
1541604,57264132111323,11,gcc_reference,69624,69624,6
1543790,57164322131312,11,solver_cli,65332,65332,7
1543790,57164322131312,11,gcc_reference,67590,67590,6
1550915,17364251231231,11,solver_cli,66272,66272,7
1550915,17364251231231,11,gcc_reference,68822,68822,5
1561526,27134561131133,11,solver_cli,68584,68584,6
1561526,27134561131133,11,gcc_reference,71165,71165,6
1562255,27634511131133,11,solver_cli,66282,66282,7
1562255,27634511131133,11,gcc_reference,68586,68586,6
1562882,27634512233321,11,solver_cli,64763,64763,5
1562882,27634512233321,11,gcc_reference,67260,67260,4
1562976,27534161111111,11,solver_cli,71924,71924,4
1562976,27534161111111,11,gcc_reference,73664,73664,7
1562979,27534161111123,11,solver_cli,67429,67429,4
1562979,27534161111123,11,gcc_reference,69614,69614,7
1563147,27534162311111,11,solver_cli,67410,67410,7
1563147,27534162311111,11,gcc_reference,69577,69577,9
1564611,27534612311132,11,solver_cli,69756,69756,8
1564611,27534612311132,11,gcc_reference,71775,71775,4
1570478,67234513332122,11,solver_cli,71444,71444,5
1570478,67234513332122,11,gcc_reference,73056,73056,7
1574725,45321671221121,11,solver_cli,68854,68854,6
1574725,45321671221121,11,gcc_reference,71091,71091,6
1574991,45321671212211,11,solver_cli,66166,66166,5
1574991,45321671212211,11,gcc_reference,68523,68523,7
1575198,45321673113311,11,solver_cli,65071,65071,7
1575198,45321673113311,11,gcc_reference,67506,67506,7
1576197,45621373211111,11,solver_cli,64887,64887,8
1576197,45621373211111,11,gcc_reference,67263,67263,7
1576663,45621373123331,11,solver_cli,65659,65659,7
1576663,45621373123331,11,gcc_reference,67973,67973,8
1577284,45721363322231,11,solver_cli,65975,65975,9
1577284,45721363322231,11,gcc_reference,68335,68335,8
1577494,45721363321313,11,solver_cli,66071,66071,8
1577494,45721363321313,11,gcc_reference,68425,68425,8
1577676,45621732212123,11,solver_cli,69372,69372,7
1577676,45621732212123,11,gcc_reference,71181,71181,8
1578194,45621732233333,11,solver_cli,69651,69651,9
1578194,45621732233333,11,gcc_reference,71599,71599,9
1579026,65321472111122,11,solver_cli,72108,72108,9
1579026,65321472111122,11,gcc_reference,73722,73722,5
1585909,35721642221213,11,solver_cli,65194,65194,9
1585909,35721642221213,11,gcc_reference,67662,67662,4
1588541,75321463132121,11,solver_cli,67362,67362,8
1588541,75321463132121,11,gcc_reference,69497,69497,8
1588653,75321461311112,11,solver_cli,68185,68185,7
1588653,75321461311112,11,gcc_reference,70529,70529,7
1592694,25341673113311,11,solver_cli,69220,69220,8
1592694,25341673113311,11,gcc_reference,71667,71667,5
1593472,25741632222323,11,solver_cli,65138,65138,6
1593472,25741632222323,11,gcc_reference,67421,67421,6
1593552,25741632312323,11,solver_cli,68472,68472,6
1593552,25741632312323,11,gcc_reference,70654,70654,6
1593735,25641371213132,11,solver_cli,68045,68045,7
1593735,25641371213132,11,gcc_reference,69951,69951,5
1594433,25741361232113,11,solver_cli,68636,68636,8
1594433,25741361232113,11,gcc_reference,70633,70633,9
1596252,25341762313223,11,solver_cli,65424,65424,10
1596252,25341762313223,11,gcc_reference,67505,67505,9
1597968,65241371111111,11,solver_cli,67472,67472,10
1597968,65241371111111,11,gcc_reference,69590,69590,9
1607323,75241632222323,11,solver_cli,65998,65998,9
1607323,75241632222323,11,gcc_reference,68599,68599,9
1609031,75641323232111,11,solver_cli,67194,67194,8
1609031,75641323232111,11,gcc_reference,69471,69471,9
1618629,35461271111231,11,solver_cli,67598,67598,9
1618629,35461271111231,11,gcc_reference,69896,69896,7
1618792,35461271321231,11,solver_cli,64926,64926,6
1618792,35461271321231,11,gcc_reference,67368,67368,6
1618987,35461272222323,11,solver_cli,69156,69156,8
1618987,35461272222323,11,gcc_reference,71420,71420,8
1624525,75261432123233,11,solver_cli,68379,68379,8
1624525,75261432123233,11,gcc_reference,70711,70711,6
1629677,25731642232211,11,solver_cli,64077,64077,5
1629677,25731642232211,11,gcc_reference,66378,66378,6
1630884,25631741212121,11,solver_cli,67064,67064,7
1630884,25631741212121,11,gcc_reference,69525,69525,7
1640567,75431263133213,11,solver_cli,65867,65867,6
1640567,75431263133213,11,gcc_reference,68172,68172,6
1641810,75231463211123,11,solver_cli,67655,67655,8
1641810,75231463211123,11,gcc_reference,69802,69802,13
1646514,25471631312213,11,solver_cli,64736,64736,11
1646514,25471631312213,11,gcc_reference,66995,66995,12
1647772,25471362323132,11,solver_cli,65932,65932,12
1647772,25471362323132,11,gcc_reference,68330,68330,12
1649049,45671233112132,11,solver_cli,67908,67908,5
1649049,45671233112132,11,gcc_reference,70273,70273,8
1649276,45671231132231,11,solver_cli,67827,67827,7
1649276,45671231132231,11,gcc_reference,70011,70011,7
1653644,65471231132213,11,solver_cli,70862,70862,8
1653644,65471231132213,11,gcc_reference,72905,72905,8
1655171,65271432231233,11,solver_cli,66525,66525,8
1655171,65271432231233,11,gcc_reference,68918,68918,8
1656971,65271341332331,11,solver_cli,67575,67575,7
1656971,65271341332331,11,gcc_reference,69850,69850,8
1659643,35271461322233,11,solver_cli,67081,67081,8
1659643,35271461322233,11,gcc_reference,69399,69399,7
1662471,42351671212211,11,solver_cli,69622,69622,7
1662471,42351671212211,11,gcc_reference,72003,72003,10
1663270,42751632321233,11,solver_cli,65032,65032,6
1663270,42751632321233,11,gcc_reference,67321,67321,9
1663324,42751632323231,11,solver_cli,68731,68731,10
1663324,42751632323231,11,gcc_reference,70880,70880,9
1664208,42651372213311,11,solver_cli,64703,64703,10
1664208,42651372213311,11,gcc_reference,66877,66877,5
1665219,42651733311122,11,solver_cli,68184,68184,9
1665219,42651733311122,11,gcc_reference,70226,70226,9
1665872,42351763231133,11,solver_cli,68276,68276,5
1665872,42351763231133,11,gcc_reference,70150,70150,9
1670187,62351743112123,11,solver_cli,68120,68120,9
1670187,62351743112123,11,gcc_reference,70160,70160,4
1673485,32751643321232,11,solver_cli,66204,66204,5
1673485,32751643321232,11,gcc_reference,68772,68772,7
1673960,32451762331121,11,solver_cli,66859,66859,7
1673960,32451762331121,11,gcc_reference,69195,69195,5
1679616,52341671111111,11,solver_cli,65174,65174,7
1679616,52341671111111,11,gcc_reference,67557,67557,7
1679690,52341673133111,11,solver_cli,71695,71695,5
1679690,52341673133111,11,gcc_reference,73659,73659,7
1679706,52341672211112,11,solver_cli,70908,70908,4
1679706,52341672211112,11,gcc_reference,72977,72977,7
1679887,52341671122211,11,solver_cli,68021,68021,7
1679887,52341671122211,11,gcc_reference,69985,69985,5
1679987,52341673232213,11,solver_cli,72634,72634,6
1679987,52341673232213,11,gcc_reference,74637,74637,7
1680088,52341672323222,11,solver_cli,65765,65765,6
1680088,52341672323222,11,gcc_reference,67922,67922,7
1680094,52341673323212,11,solver_cli,67968,67968,6
1680094,52341673323212,11,gcc_reference,69929,69929,7
1680221,52341672232313,11,solver_cli,67956,67956,10
1680221,52341672232313,11,gcc_reference,69916,69916,9
1680236,52341673232333,11,solver_cli,65378,65378,8
1680236,52341673232333,11,gcc_reference,67586,67586,9
1680264,52341671311313,11,solver_cli,67433,67433,5
1680264,52341671311313,11,gcc_reference,69465,69465,6
1680328,52341672323312,11,solver_cli,72633,72633,8
1680328,52341672323312,11,gcc_reference,74638,74638,8
1680694,52741633221233,11,solver_cli,70828,70828,8
1680694,52741633221233,11,gcc_reference,73080,73080,7
1680705,52741632212213,11,solver_cli,73974,73974,7
1680705,52741632212213,11,gcc_reference,75934,75934,6
1680707,52741632232211,11,solver_cli,68198,68198,8
1680707,52741632232211,11,gcc_reference,70058,70058,8
1680711,52741632212231,11,solver_cli,72397,72397,9
1680711,52741632212231,11,gcc_reference,74369,74369,9
1680772,52741633321223,11,solver_cli,71247,71247,9
1680772,52741633321223,11,gcc_reference,73459,73459,7
1680874,52741632122333,11,solver_cli,70588,70588,8
1680874,52741632122333,11,gcc_reference,72876,72876,8
1680898,52741632123323,11,solver_cli,70816,70816,5
1680898,52741632123323,11,gcc_reference,73042,73042,8
1681065,52741633313312,11,solver_cli,68853,68853,8
1681065,52741633313312,11,gcc_reference,70632,70632,5
1681066,52741633323311,11,solver_cli,73288,73288,8
1681066,52741633323311,11,gcc_reference,75339,75339,5
1681068,52741633313321,11,solver_cli,73374,73374,6
1681068,52741633313321,11,gcc_reference,75227,75227,4
1682271,52741362313211,11,solver_cli,69532,69532,6
1682271,52741362313211,11,gcc_reference,71906,71906,7
1682274,52741362313223,11,solver_cli,65242,65242,6
1682274,52741362313223,11,gcc_reference,67666,67666,5
1683144,52641733212311,11,solver_cli,64579,64579,4
1683144,52641733212311,11,gcc_reference,67087,67087,5
1683149,52641733232321,11,solver_cli,69777,69777,7
1683149,52641733232321,11,gcc_reference,72127,72127,6
1690560,32741652111113,11,solver_cli,64124,64124,5
1690560,32741652111113,11,gcc_reference,66572,66572,4
1690569,32741653111112,11,solver_cli,65517,65517,6
1690569,32741653111112,11,gcc_reference,67971,67971,4
1690638,32741651211131,11,solver_cli,64587,64587,4
1690638,32741651211131,11,gcc_reference,66804,66804,6
1690716,32741651311121,11,solver_cli,63946,63946,8
1690716,32741651311121,11,gcc_reference,66279,66279,5
1690796,32741651131211,11,solver_cli,68949,68949,5
1690796,32741651131211,11,gcc_reference,71449,71449,4
1691038,32741651121311,11,solver_cli,65279,65279,6
1691038,32741651121311,11,gcc_reference,67559,67559,4
1694207,72541632131111,11,solver_cli,65264,65264,6
1694207,72541632131111,11,gcc_reference,67748,67748,5
1694215,72541633121111,11,solver_cli,64596,64596,5
1694215,72541633121111,11,gcc_reference,66982,66982,5
1694229,72541631112131,11,solver_cli,64132,64132,4
1694229,72541631112131,11,gcc_reference,66452,66452,4
1694253,72541631113121,11,solver_cli,65354,65354,5
1694253,72541631113121,11,gcc_reference,67471,67471,4
1694439,72541631111213,11,solver_cli,64562,64562,4
1694439,72541631111213,11,gcc_reference,66931,66931,4
1694682,72541631111312,11,solver_cli,68741,68741,7
1694682,72541631111312,11,gcc_reference,71272,71272,5
1697608,52361472121313,11,solver_cli,65163,65163,7
1697608,52361472121313,11,gcc_reference,67510,67510,4
1697609,52361472131312,11,solver_cli,65557,65557,9
1697609,52361472131312,11,gcc_reference,68110,68110,8
1697852,52761432131111,11,solver_cli,65348,65348,7
1697852,52761432131111,11,gcc_reference,67468,67468,6
1697860,52761433121111,11,solver_cli,65337,65337,5
1697860,52761433121111,11,gcc_reference,67465,67465,5
1697874,52761431112131,11,solver_cli,63303,63303,5
1697874,52761431112131,11,gcc_reference,65683,65683,4
1697898,52761431113121,11,solver_cli,67332,67332,7
1697898,52761431113121,11,gcc_reference,69708,69708,7
1698084,52761431111213,11,solver_cli,67543,67543,6
1698084,52761431111213,11,gcc_reference,69983,69983,7
1698327,52761431111312,11,solver_cli,66209,66209,5
1698327,52761431111312,11,gcc_reference,68465,68465,9
1704640,42561733323122,11,solver_cli,65196,65196,5
1704640,42561733323122,11,gcc_reference,67306,67306,5
1707378,32561471113133,11,solver_cli,68685,68685,5
1707378,32561471113133,11,gcc_reference,70772,70772,5
1707405,32561471211131,11,solver_cli,65022,65022,4
1707405,32561471211131,11,gcc_reference,67362,67362,5
1707465,32561472213122,11,solver_cli,64933,64933,8
1707465,32561472213122,11,gcc_reference,67471,67471,8
1707483,32561471311121,11,solver_cli,64559,64559,5
1707483,32561471311121,11,gcc_reference,66883,66883,8
1707563,32561471131211,11,solver_cli,66224,66224,8
1707563,32561471131211,11,gcc_reference,68395,68395,6
1707589,32561471122211,11,solver_cli,67048,67048,8
1707589,32561471122211,11,gcc_reference,68748,68748,5
1707691,32561473222223,11,solver_cli,70392,70392,7
1707691,32561473222223,11,gcc_reference,72365,72365,8
1707796,32561473323212,11,solver_cli,69515,69515,8
1707796,32561473323212,11,gcc_reference,71297,71297,8
1707805,32561471121311,11,solver_cli,67081,67081,6
1707805,32561471121311,11,gcc_reference,69317,69317,6
1707869,32561472133313,11,solver_cli,63175,63175,7
1707869,32561472133313,11,gcc_reference,65361,65361,7
1708330,32761452122222,11,solver_cli,66026,66026,9
1708330,32761452122222,11,gcc_reference,68607,68607,8
1708408,32761452222212,11,solver_cli,63308,63308,4
1708408,32761452222212,11,gcc_reference,65644,65644,5
1708543,32761452121313,11,solver_cli,64833,64833,7
1708543,32761452121313,11,gcc_reference,67312,67312,7
1708552,32761453121312,11,solver_cli,66208,66208,6
1708552,32761453121312,11,gcc_reference,68868,68868,6
1708613,32761453133333,11,solver_cli,65749,65749,5
1708613,32761453133333,11,gcc_reference,68196,68196,5
1711439,72361542333233,11,solver_cli,66964,66964,7
1711439,72361542333233,11,gcc_reference,69582,69582,7
1711839,72561432213122,11,solver_cli,68229,68229,9
1711839,72561432213122,11,gcc_reference,70353,70353,7
1711879,72561433321133,11,solver_cli,69429,69429,7
1711879,72561433321133,11,gcc_reference,71600,71600,5
1712041,72561433221233,11,solver_cli,70729,70729,6
1712041,72561433221233,11,gcc_reference,72916,72916,6
1712119,72561433321223,11,solver_cli,71275,71275,9
1712119,72561433321223,11,gcc_reference,73540,73540,7
1712121,72561433311233,11,solver_cli,73267,73267,8
1712121,72561433311233,11,gcc_reference,75433,75433,5
1713041,72361453232333,11,solver_cli,66124,66124,7
1713041,72361453232333,11,gcc_reference,68661,68661,7
1713621,72561342313223,11,solver_cli,66322,66322,5
1713621,72561342313223,11,gcc_reference,68668,68668,7
1716932,52731641233112,11,solver_cli,65002,65002,7
1716932,52731641233112,11,gcc_reference,67589,67589,5
1717012,52731641323112,11,solver_cli,64206,64206,5
1717012,52731641323112,11,gcc_reference,66718,66718,8
1725235,62531472321233,11,solver_cli,69312,69312,6
1725235,62531472321233,11,gcc_reference,71778,71778,8
1729618,72531463321232,11,solver_cli,65181,65181,8
1729618,72531463321232,11,gcc_reference,67538,67538,7
1733698,52471631223113,11,solver_cli,69339,69339,8
1733698,52471631223113,11,gcc_reference,71591,71591,7
1733779,52471631323112,11,solver_cli,68072,68072,8
1733779,52471631323112,11,gcc_reference,70313,70313,8
1740977,62471532232133,11,solver_cli,66707,66707,8
1740977,62471532232133,11,gcc_reference,68904,68904,7
1742731,62571432321233,11,solver_cli,64600,64600,9
1742731,62571432321233,11,gcc_reference,67140,67140,10
1743705,62371453311311,11,solver_cli,67343,67343,9
1743705,62371453311311,11,gcc_reference,69918,69918,10
1747972,32671453123313,11,solver_cli,67663,67663,10
1747972,32671453123313,11,gcc_reference,69968,69968,9
1749624,24351673111133,11,solver_cli,68815,68815,9
1749624,24351673111133,11,gcc_reference,71082,71082,6
1749951,24351671212211,11,solver_cli,65950,65950,9
1749951,24351671212211,11,gcc_reference,68275,68275,9
1750266,24351673311311,11,solver_cli,66538,66538,9
1750266,24351673311311,11,gcc_reference,68851,68851,9
1751959,24751362321113,11,solver_cli,69266,69266,5
1751959,24751362321113,11,gcc_reference,71091,71091,6
1752127,24751362221231,11,solver_cli,70115,70115,7
1752127,24751362221231,11,gcc_reference,72000,72000,7
1752816,24651731113223,11,solver_cli,66040,66040,6
1752816,24651731113223,11,gcc_reference,68407,68407,7
1753226,24651731333333,11,solver_cli,65940,65940,4
1753226,24651731333333,11,gcc_reference,68319,68319,8
1753248,24351761111123,11,solver_cli,65004,65004,8
1753248,24351761111123,11,gcc_reference,67385,67385,5
1753602,24351761212232,11,solver_cli,65819,65819,7
1753602,24351761212232,11,gcc_reference,68112,68112,6
1754018,64351272132131,11,solver_cli,72512,72512,6
1754018,64351272132131,11,gcc_reference,74071,74071,8
1758403,34651271123111,11,solver_cli,68429,68429,8
1758403,34651271123111,11,gcc_reference,70723,70723,8
1758554,34651272332132,11,solver_cli,67112,67112,6
1758554,34651272332132,11,gcc_reference,69286,69286,8
1764684,74251633111313,11,solver_cli,65079,65079,9
1764684,74251633111313,11,gcc_reference,67549,67549,5
1767456,54321672212213,11,solver_cli,68192,68192,8
1767456,54321672212213,11,gcc_reference,70315,70315,5
1767458,54321672232211,11,solver_cli,69884,69884,7
1767458,54321672232211,11,gcc_reference,71953,71953,7
1767462,54321672212231,11,solver_cli,70690,70690,7
1767462,54321672212231,11,gcc_reference,73019,73019,5
1767816,54321673313312,11,solver_cli,69124,69124,5
1767816,54321673313312,11,gcc_reference,71316,71316,4
1767817,54321673323311,11,solver_cli,68814,68814,7
1767817,54321673323311,11,gcc_reference,70857,70857,6
1767819,54321673313321,11,solver_cli,71162,71162,6
1767819,54321673313321,11,gcc_reference,73407,73407,7
1767825,54721631111111,11,solver_cli,66799,66799,4
1767825,54721631111111,11,gcc_reference,69032,69032,5
1767856,54721631122121,11,solver_cli,71394,71394,5
1767856,54721631122121,11,gcc_reference,73312,73312,4
1767993,54721631311133,11,solver_cli,70988,70988,5
1767993,54721631311133,11,gcc_reference,72949,72949,5
1768139,54721632133232,11,solver_cli,70530,70530,5
1768139,54721632133232,11,gcc_reference,72709,72709,6
1768188,54721632212222,11,solver_cli,67595,67595,5
1768188,54721632212222,11,gcc_reference,69974,69974,6
1768191,54721632212231,11,solver_cli,65327,65327,6
1768191,54721632212231,11,gcc_reference,67794,67794,5
1768415,54721633231322,11,solver_cli,70204,70204,8
1768415,54721633231322,11,gcc_reference,72440,72440,4
1768548,54721633313321,11,solver_cli,64709,64709,8
1768548,54721633313321,11,gcc_reference,67240,67240,6
1768553,54721633333331,11,solver_cli,67053,67053,8
1768553,54721633333331,11,gcc_reference,69516,69516,8
1768647,54621372211121,11,solver_cli,69270,69270,8
1768647,54621372211121,11,gcc_reference,71645,71645,5
1769096,54621371133311,11,solver_cli,69314,69314,8
1769096,54621371133311,11,gcc_reference,71497,71497,7
1770813,54321763113113,11,solver_cli,69411,69411,8
1770813,54321763113113,11,gcc_reference,71773,71773,7
1771068,54321761211221,11,solver_cli,69155,69155,7
1771068,54321761211221,11,gcc_reference,71358,71358,8
1771485,64321572111131,11,solver_cli,67769,67769,8
1771485,64321572111131,11,gcc_reference,69842,69842,8
1771514,64321572132131,11,solver_cli,64881,64881,7
1771514,64321572132131,11,gcc_reference,67230,67230,8
1771647,64321572311132,11,solver_cli,64681,64681,8
1771647,64321572311132,11,gcc_reference,67065,67065,7
1775888,34621572132131,11,solver_cli,69747,69747,6
1775888,34621572132131,11,gcc_reference,71135,71135,7
1777696,34521672223232,11,solver_cli,67006,67006,7
1777696,34521672223232,11,gcc_reference,69439,69439,6
1778285,34721652131213,11,solver_cli,68318,68318,9
1778285,34721652131213,11,gcc_reference,70778,70778,8
1778368,34721652221222,11,solver_cli,64035,64035,9
1778368,34721652221222,11,gcc_reference,66639,66639,8
1778392,34721652222212,11,solver_cli,67120,67120,8
1778392,34721652222212,11,gcc_reference,69643,69643,8
1778527,34721652121313,11,solver_cli,63337,63337,4
1778527,34721652121313,11,gcc_reference,65730,65730,7
1778753,34721653333313,11,solver_cli,63056,63056,5
1778753,34721653333313,11,gcc_reference,65602,65602,8
1781133,74321563311131,11,solver_cli,69367,69367,8
1781133,74321563311131,11,gcc_reference,70810,70810,7
1781938,74521633121213,11,solver_cli,63105,63105,5
1781938,74521633121213,11,gcc_reference,65537,65537,8
1782037,74521632222212,11,solver_cli,63499,63499,4
1782037,74521632222212,11,gcc_reference,65983,65983,7
1782181,74521633121312,11,solver_cli,68336,68336,5
1782181,74521633121312,11,gcc_reference,70783,70783,7
1782242,74521633133333,11,solver_cli,63841,63841,7
1782242,74521633133333,11,gcc_reference,66456,66456,7
1782398,74521633333313,11,solver_cli,67756,67756,10
1782398,74521633333313,11,gcc_reference,70191,70191,4
1783049,74321653233323,11,solver_cli,65803,65803,6
1783049,74321653233323,11,gcc_reference,68392,68392,7
1784986,54361272223232,11,solver_cli,67130,67130,7
1784986,54361272223232,11,gcc_reference,69440,69440,6
1786018,54761233322321,11,solver_cli,64649,64649,5
1786018,54761233322321,11,gcc_reference,67263,67263,4
1786126,54261373123121,11,solver_cli,71083,71083,7
1786126,54261373123121,11,gcc_reference,72733,72733,7
1787849,54261732231233,11,solver_cli,65067,65067,7
1787849,54261732231233,11,gcc_reference,67553,67553,6
1790023,24761531221223,11,solver_cli,67888,67888,7
1790023,24761531221223,11,gcc_reference,70200,70200,6
1790439,24561372111131,11,solver_cli,67499,67499,7
1790439,24561372111131,11,gcc_reference,69851,69851,6
1793384,34261572132131,11,solver_cli,68407,68407,7
1793384,34261572132131,11,gcc_reference,70923,70923,7
1793408,34261572133121,11,solver_cli,68585,68585,6
1793408,34261572133121,11,gcc_reference,70737,70737,5
1793416,34261573123121,11,solver_cli,68368,68368,5
1793416,34261573123121,11,gcc_reference,70801,70801,6
1794838,34561272122123,11,solver_cli,69149,69149,5
1794838,34561272122123,11,gcc_reference,71254,71254,7
1794945,34561272213122,11,solver_cli,69528,69528,7
1794945,34561272213122,11,gcc_reference,71361,71361,7
1794959,34561273233131,11,solver_cli,70112,70112,4
1794959,34561273233131,11,gcc_reference,72464,72464,5
1794985,34561273321133,11,solver_cli,68528,68528,7
1794985,34561273321133,11,gcc_reference,70538,70538,6
1795147,34561273221233,11,solver_cli,72719,72719,6
1795147,34561273221233,11,gcc_reference,74692,74692,5
1795158,34561272212213,11,solver_cli,72411,72411,7
1795158,34561272212213,11,gcc_reference,74631,74631,6
1795160,34561272232211,11,solver_cli,69566,69566,8
1795160,34561272232211,11,gcc_reference,71812,71812,7
1795225,34561273321223,11,solver_cli,68787,68787,8
1795225,34561273321223,11,gcc_reference,70378,70378,7
1795227,34561273311233,11,solver_cli,72887,72887,5
1795227,34561273311233,11,gcc_reference,74855,74855,8
1795324,34561272122321,11,solver_cli,69298,69298,8
1795324,34561272122321,11,gcc_reference,71387,71387,9
1795521,34561273313321,11,solver_cli,68653,68653,9
1795521,34561273313321,11,gcc_reference,70851,70851,8
1795999,34761252323222,11,solver_cli,66925,66925,8
1795999,34761252323222,11,gcc_reference,69278,69278,7
1796256,34561721111111,11,solver_cli,63735,63735,5
1796256,34561721111111,11,gcc_reference,66415,66415,6
1799181,74561232111113,11,solver_cli,66173,66173,4
1799181,74561232111113,11,gcc_reference,68535,68535,5
1799190,74561233111112,11,solver_cli,64561,64561,5
1799190,74561233111112,11,gcc_reference,66879,66879,6
1799263,74561232221111,11,solver_cli,66796,66796,5
1799263,74561232221111,11,gcc_reference,68764,68764,7
1799359,74561233321133,11,solver_cli,65003,65003,6
1799359,74561233321133,11,gcc_reference,67630,67630,6
1799418,74561231111222,11,solver_cli,68457,68457,6
1799418,74561231111222,11,gcc_reference,70566,70566,5
1799441,74561233131233,11,solver_cli,67489,67489,8
1799441,74561233131233,11,gcc_reference,69886,69886,7
1799601,74561233311233,11,solver_cli,64807,64807,5
1799601,74561233311233,11,gcc_reference,67470,67470,8
1799816,74561233233323,11,solver_cli,65511,65511,8
1799816,74561233233323,11,gcc_reference,67697,67697,5
1799839,74561233321313,11,solver_cli,64011,64011,4
1799839,74561233321313,11,gcc_reference,66267,66267,7
1799952,74361253112132,11,solver_cli,66452,66452,7
1799952,74361253112132,11,gcc_reference,69093,69093,7
1800249,74361253211231,11,solver_cli,64713,64713,7
1800249,74361253211231,11,gcc_reference,67435,67435,7
1803601,54231671123111,11,solver_cli,66055,66055,8
1803601,54231671123111,11,gcc_reference,68027,68027,8
1803622,54231673123121,11,solver_cli,65193,65193,8
1803622,54231673123121,11,gcc_reference,67484,67484,8
1807191,24731561111111,11,solver_cli,68132,68132,8
1807191,24731561111111,11,gcc_reference,70255,70255,5
1807611,24731562311231,11,solver_cli,68323,68323,6
1807611,24731562311231,11,gcc_reference,70601,70601,4
1807996,24531673123121,11,solver_cli,73000,73000,9
1807996,24531673123121,11,gcc_reference,74573,74573,8
1811013,64231572311132,11,solver_cli,68760,68760,8
1811013,64231572311132,11,gcc_reference,71036,71036,8
1812338,64531272132131,11,solver_cli,65401,65401,8
1812338,64531272132131,11,gcc_reference,67900,67900,4
1812346,64531273122131,11,solver_cli,70691,70691,7
1812346,64531273122131,11,gcc_reference,72716,72716,7
1812370,64531273123121,11,solver_cli,66115,66115,6
1812370,64531273123121,11,gcc_reference,68487,68487,7
1812645,64531271212211,11,solver_cli,62020,62020,7
1812645,64531271212211,11,gcc_reference,64191,64191,7
1812744,64531273312211,11,solver_cli,66766,66766,7
1812744,64531273312211,11,gcc_reference,69019,69019,8
1812960,64531273311311,11,solver_cli,63947,63947,7
1812960,64531273311311,11,gcc_reference,66375,66375,9
1819918,54671232221213,11,solver_cli,66363,66363,7
1819918,54671232221213,11,gcc_reference,68606,68606,9
1820859,54371261113331,11,solver_cli,68296,68296,8
1820859,54371261113331,11,gcc_reference,70914,70914,7
1821825,54371621113112,11,solver_cli,71655,71655,7
1821825,54371621113112,11,gcc_reference,73145,73145,8
1822314,54371621113322,11,solver_cli,69564,69564,8
1822314,54371621113322,11,gcc_reference,71825,71825,7
1825660,24571631121212,11,solver_cli,62937,62937,8
1825660,24571631121212,11,gcc_reference,65313,65313,8
1827208,24571362221213,11,solver_cli,66273,66273,8
1827208,24571362221213,11,gcc_reference,68502,68502,8
1828675,64271533221212,11,solver_cli,65955,65955,8
1828675,64271533221212,11,gcc_reference,68224,68224,5
1847173,36751243222322,11,solver_cli,67980,67980,8
1847173,36751243222322,11,gcc_reference,70360,70360,5
1852819,76351423321232,11,solver_cli,67973,67973,8
1852819,76351423321232,11,gcc_reference,70398,70398,8
1852905,76351421112323,11,solver_cli,67488,67488,8
1852905,76351421112323,11,gcc_reference,69799,69799,8
1852932,76351421113322,11,solver_cli,65616,65616,6
1852932,76351421113322,11,gcc_reference,67966,67966,6
1855220,56321473233323,11,solver_cli,67188,67188,6
1855220,56321473233323,11,gcc_reference,69488,69488,4
1855752,56721432312233,11,solver_cli,64818,64818,5
1855752,56721432312233,11,gcc_reference,67415,67415,7
1857328,56721343123331,11,solver_cli,65093,65093,5
1857328,56721343123331,11,gcc_reference,67576,67576,4
1858311,56321742211112,11,solver_cli,71397,71397,4
1858311,56321742211112,11,gcc_reference,73022,73022,6
1860238,46721533123313,11,solver_cli,67582,67582,6
1860238,46721533123313,11,gcc_reference,69924,69924,6
1862610,46321752111131,11,solver_cli,66964,66964,5
1862610,46321752111131,11,gcc_reference,69400,69400,4
1864958,36521472331121,11,solver_cli,66610,66610,5
1864958,36521472331121,11,gcc_reference,69232,69232,4
1865334,36521472113321,11,solver_cli,65135,65135,6
1865334,36521472113321,11,gcc_reference,67798,67798,6
1865522,36721452131111,11,solver_cli,64078,64078,5
1865522,36721452131111,11,gcc_reference,66460,66460,4
1865530,36721453121111,11,solver_cli,65666,65666,6
1865530,36721453121111,11,gcc_reference,68100,68100,5
1865551,36721452122123,11,solver_cli,65085,65085,6
1865551,36721452122123,11,gcc_reference,67701,67701,4
1865583,36721453113113,11,solver_cli,66518,66518,6
1865583,36721453113113,11,gcc_reference,68534,68534,4
1865791,36721452122213,11,solver_cli,64072,64072,6
1865791,36721452122213,11,gcc_reference,66325,66325,5
1865905,36721452223232,11,solver_cli,65445,65445,6
1865905,36721452223232,11,gcc_reference,67643,67643,4
1866005,36721451131331,11,solver_cli,68689,68689,5
1866005,36721451131331,11,gcc_reference,70767,70767,5
1866010,36721452121322,11,solver_cli,68150,68150,4
1866010,36721452121322,11,gcc_reference,70433,70433,4
1866037,36721452122321,11,solver_cli,65145,65145,5
1866037,36721452122321,11,gcc_reference,67756,67756,5
1868517,76321542211112,11,solver_cli,67730,67730,7
1868517,76321542211112,11,gcc_reference,70251,70251,6
1868526,76321543211111,11,solver_cli,67726,67726,5
1868526,76321543211111,11,gcc_reference,69991,69991,4
1868613,76321543311131,11,solver_cli,68006,68006,5
1868613,76321543311131,11,gcc_reference,70577,70577,4
1869776,76521433232333,11,solver_cli,67502,67502,6
1869776,76521433232333,11,gcc_reference,69784,69784,5
1869925,76321452122123,11,solver_cli,69396,69396,6
1869925,76321452122123,11,gcc_reference,71309,71309,7
1870032,76321452213122,11,solver_cli,70716,70716,5
1870032,76321452213122,11,gcc_reference,73010,73010,5
1870046,76321453233131,11,solver_cli,70609,70609,6
1870046,76321453233131,11,gcc_reference,72295,72295,5
1870072,76321453321133,11,solver_cli,69478,69478,5
1870072,76321453321133,11,gcc_reference,71530,71530,7
1870251,76321452212231,11,solver_cli,68552,68552,5
1870251,76321452212231,11,gcc_reference,70756,70756,5
1870314,76321453311233,11,solver_cli,69328,69328,6
1870314,76321453311233,11,gcc_reference,71411,71411,6
1870411,76321452122321,11,solver_cli,71734,71734,8
1870411,76321452122321,11,gcc_reference,73847,73847,6
1870414,76321452122333,11,solver_cli,68045,68045,6
1870414,76321452122333,11,gcc_reference,69737,69737,5
1870438,76321452123323,11,solver_cli,73288,73288,5
1870438,76321452123323,11,gcc_reference,75194,75194,7
1870605,76321453313312,11,solver_cli,70052,70052,6
1870605,76321453313312,11,gcc_reference,72238,72238,5
1870606,76321453323311,11,solver_cli,72401,72401,4
1870606,76321453323311,11,gcc_reference,74616,74616,4
1871348,76421351131121,11,solver_cli,63574,63574,5
1871348,76421351131121,11,gcc_reference,66269,66269,7
1872334,56341273121213,11,solver_cli,65177,65177,6
1872334,56341273121213,11,gcc_reference,67518,67518,6
1872335,56341273131212,11,solver_cli,65545,65545,5
1872335,56341273131212,11,gcc_reference,68085,68085,5
1872810,56741232111113,11,solver_cli,64606,64606,5
1872810,56741232111113,11,gcc_reference,66834,66834,5
1872819,56741233111112,11,solver_cli,64549,64549,5
1872819,56741233111112,11,gcc_reference,66776,66776,7
1872888,56741231211131,11,solver_cli,66602,66602,6
1872888,56741231211131,11,gcc_reference,69066,69066,6
1872966,56741231311121,11,solver_cli,63157,63157,6
1872966,56741231311121,11,gcc_reference,65567,65567,6
1873046,56741231131211,11,solver_cli,66846,66846,5
1873046,56741231131211,11,gcc_reference,68999,68999,5
1873288,56741231121311,11,solver_cli,68217,68217,7
1873288,56741231121311,11,gcc_reference,70567,70567,6
1878743,26741351232113,11,solver_cli,64667,64667,7
1878743,26741351232113,11,gcc_reference,66850,66850,6
1881438,36241573212332,11,solver_cli,67042,67042,5
1881438,36241573212332,11,gcc_reference,69636,69636,4
1882750,36541272323222,11,solver_cli,65936,65936,7
1882750,36541272323222,11,gcc_reference,68502,68502,7
1883047,36741252122123,11,solver_cli,69613,69613,9
1883047,36741252122123,11,gcc_reference,71758,71758,6
1883168,36741253233131,11,solver_cli,68349,68349,8
1883168,36741253233131,11,gcc_reference,70464,70464,6
1883533,36741252122321,11,solver_cli,73259,73259,10
1883533,36741252122321,11,gcc_reference,75408,75408,10
1883536,36741252122333,11,solver_cli,72027,72027,10
1883536,36741252122333,11,gcc_reference,74188,74188,10
1883560,36741252123323,11,solver_cli,70213,70213,10
1883560,36741252123323,11,gcc_reference,72461,72461,9
1885077,36241753212311,11,solver_cli,66332,66332,5
1885077,36241753212311,11,gcc_reference,68684,68684,9
1886906,76541232131213,11,solver_cli,66206,66206,10
1886906,76541232131213,11,gcc_reference,68869,68869,8
1886914,76541233121213,11,solver_cli,65621,65621,9
1886914,76541233121213,11,gcc_reference,68002,68002,8
1886989,76541232221222,11,solver_cli,65589,65589,8
1886989,76541232221222,11,gcc_reference,68059,68059,8
1887326,76541233331333,11,solver_cli,65642,65642,5
1887326,76541233331333,11,gcc_reference,68272,68272,8
1887374,76541233333313,11,solver_cli,63562,63562,8
1887374,76541233333313,11,gcc_reference,65877,65877,8
1887414,76341251112131,11,solver_cli,64107,64107,7
1887414,76341251112131,11,gcc_reference,66494,66494,8
1887438,76341251113121,11,solver_cli,64654,64654,8
1887438,76341251113121,11,gcc_reference,67041,67041,7
1887466,76341251221121,11,solver_cli,68477,68477,8
1887466,76341251221121,11,gcc_reference,70581,70581,8
1887542,76341253233131,11,solver_cli,64672,64672,4
1887542,76341253233131,11,gcc_reference,67239,67239,8
1887624,76341251111213,11,solver_cli,67341,67341,8
1887624,76341251111213,11,gcc_reference,69546,69546,7
1887724,76341253221212,11,solver_cli,63182,63182,8
1887724,76341253221212,11,gcc_reference,65362,65362,4
1887867,76341251111312,11,solver_cli,66625,66625,4
1887867,76341251111312,11,gcc_reference,68737,68737,6
1887986,76341252232313,11,solver_cli,69663,69663,7
1887986,76341252232313,11,gcc_reference,71455,71455,5
1888029,76341251311313,11,solver_cli,67169,67169,6
1888029,76341251311313,11,gcc_reference,68847,68847,6
1888099,76341252323333,11,solver_cli,70299,70299,7
1888099,76341252323333,11,gcc_reference,72290,72290,4
1906390,76231451123111,11,solver_cli,66281,66281,7
1906390,76231451123111,11,gcc_reference,68653,68653,4
1909026,56271433111313,11,solver_cli,67443,67443,6
1909026,56271433111313,11,gcc_reference,69705,69705,7
1909055,56271433132313,11,solver_cli,68293,68293,4
1909055,56271433132313,11,gcc_reference,70384,70384,4
1909081,56271433123313,11,solver_cli,66538,66538,11
1909081,56271433123313,11,gcc_reference,68519,68519,10
1913670,26371453112111,11,solver_cli,64847,64847,5
1913670,26371453112111,11,gcc_reference,67457,67457,5
1925321,23751461132123,11,solver_cli,68196,68196,11
1925321,23751461132123,11,gcc_reference,70517,70517,5
1925823,23751463112321,11,solver_cli,67469,67469,6
1925823,23751463112321,11,gcc_reference,69705,69705,8
1931680,43751623123313,11,solver_cli,65322,65322,7
1931680,43751623123313,11,gcc_reference,67504,67504,5
1932811,43651722323132,11,solver_cli,66134,66134,7
1932811,43651722323132,11,gcc_reference,68507,68507,8
1934617,63751242221321,11,solver_cli,66802,66802,4
1934617,63751242221321,11,gcc_reference,69157,69157,4
1936027,63751423122311,11,solver_cli,71129,71129,7
1936027,63751423122311,11,gcc_reference,73158,73158,6
1936547,63251743133231,11,solver_cli,67220,67220,5
1936547,63251743133231,11,gcc_reference,69553,69553,7
1938954,73651241113322,11,solver_cli,67825,67825,5
1938954,73651241113322,11,gcc_reference,70055,70055,5
1942466,53621471331221,11,solver_cli,68397,68397,5
1942466,53621471331221,11,gcc_reference,71001,71001,6
1943425,53721463223312,11,solver_cli,65772,65772,7
1943425,53721463223312,11,gcc_reference,68100,68100,5
1943677,53421671321111,11,solver_cli,71603,71603,6
1943677,53421671321111,11,gcc_reference,73071,73071,8
1943926,53421671321231,11,solver_cli,69478,69478,6
1943926,53421671321231,11,gcc_reference,71735,71735,6
1949204,43721653231313,11,solver_cli,63535,63535,7
1949204,43721653231313,11,gcc_reference,65848,65848,7
1950708,43621752213323,11,solver_cli,65365,65365,7
1950708,43621752213323,11,gcc_reference,67716,67716,8
1952159,63721541233322,11,solver_cli,65750,65750,7
1952159,63721541233322,11,gcc_reference,68049,68049,7
1961930,53741621332112,11,solver_cli,67392,67392,7
1961930,53741621332112,11,gcc_reference,69711,69711,7
1961956,53741621323112,11,solver_cli,68832,68832,7
1961956,53741621323112,11,gcc_reference,71125,71125,8
1969099,63741522123131,11,solver_cli,66552,66552,8
1969099,63741522123131,11,gcc_reference,68780,68780,8
1970109,63541271212211,11,solver_cli,67073,67073,7
1970109,63541271212211,11,gcc_reference,69680,69680,9
1971094,63741252222323,11,solver_cli,64912,64912,7
1971094,63741252222323,11,gcc_reference,67405,67405,8
1974547,73541262321212,11,solver_cli,66737,66737,9
1974547,73541262321212,11,gcc_reference,69165,69165,9
1978030,53761242121211,11,solver_cli,68535,68535,8
1978030,53761242121211,11,gcc_reference,70603,70603,9
1978111,53761242221213,11,solver_cli,67267,67267,7
1978111,53761242221213,11,gcc_reference,69556,69556,9
1978192,53761242321212,11,solver_cli,67136,67136,9
1978192,53761242321212,11,gcc_reference,69047,69047,7
1987254,43561271111111,11,solver_cli,64223,64223,9
1987254,43561271111111,11,gcc_reference,66922,66922,9
2001634,23671452122333,11,solver_cli,67176,67176,4
2001634,23671452122333,11,gcc_reference,69424,69424,9
2005033,43571262122222,11,solver_cli,66086,66086,5
2005033,43571262122222,11,gcc_reference,68481,68481,8
2008465,63471522123131,11,solver_cli,65889,65889,8
2008465,63471522123131,11,gcc_reference,68393,68393,7
2008601,63471522332132,11,solver_cli,65798,65798,8
2008601,63471522332132,11,gcc_reference,68304,68304,8
2008627,63471522323132,11,solver_cli,64553,64553,4
2008627,63471522323132,11,gcc_reference,66747,66747,5
2018369,47251632131312,11,solver_cli,64638,64638,8
2018369,47251632131312,11,gcc_reference,66872,66872,7
2019350,47251363131113,11,solver_cli,67702,67702,8
2019350,47251363131113,11,gcc_reference,70091,70091,8
2025987,37651242211133,11,solver_cli,68139,68139,7
2025987,37651242211133,11,gcc_reference,70215,70215,7
2028033,37651422312311,11,solver_cli,65558,65558,9
2028033,37651422312311,11,gcc_reference,67898,67898,9
2031885,57321641311112,11,solver_cli,65208,65208,9
2031885,57321641311112,11,gcc_reference,67289,67289,9
2031900,57321642311132,11,solver_cli,65602,65602,8
2031900,57321642311132,11,gcc_reference,67849,67849,8
2034014,47621533231121,11,solver_cli,67345,67345,9
2034014,47621533231121,11,gcc_reference,69591,69591,5
2034521,47621532232331,11,solver_cli,68411,68411,9
2034521,47621532232331,11,gcc_reference,70691,70691,9
2036265,47321651311133,11,solver_cli,73120,73120,9
2036265,47321651311133,11,gcc_reference,74690,74690,7
2039138,67321542232133,11,solver_cli,68603,68603,7
2039138,67321542232133,11,gcc_reference,70906,70906,5
2040474,67321451111123,11,solver_cli,70195,70195,8
2040474,67321451111123,11,gcc_reference,72286,72286,8
2040483,67321452111122,11,solver_cli,65040,65040,7
2040483,67321452111122,11,gcc_reference,67569,67569,4
2040639,67321451311133,11,solver_cli,65801,65801,7
2040639,67321451311133,11,gcc_reference,68224,68224,5
2040822,67321451212211,11,solver_cli,64864,64864,7
2040822,67321451212211,11,gcc_reference,67187,67187,7
2040984,67321451112311,11,solver_cli,67240,67240,7
2040984,67321451112311,11,gcc_reference,69435,69435,5
2041029,67321453113311,11,solver_cli,61829,61829,8
2041029,67321453113311,11,gcc_reference,64028,64028,8
2048680,57241631322113,11,solver_cli,63732,63732,8
2048680,57241631322113,11,gcc_reference,66307,66307,6
2048707,57241631323112,11,solver_cli,64979,64979,8
2048707,57241631323112,11,gcc_reference,67575,67575,7
2058574,67341252222323,11,solver_cli,69536,69536,6
2058574,67341252222323,11,gcc_reference,71954,71954,5
2062948,37641252222323,11,solver_cli,64912,64912,5
2062948,37641252222323,11,gcc_reference,67291,67291,7
2079270,37561241311112,11,solver_cli,65916,65916,4
2079270,37561241311112,11,gcc_reference,68333,68333,7
2095363,67231541323112,11,solver_cli,70855,70855,5
2095363,67231541323112,11,gcc_reference,73230,73230,5
2095384,67231543323122,11,solver_cli,70870,70870,8
2095384,67231543323122,11,gcc_reference,73262,73262,7
2105352,15426371111111,11,solver_cli,63325,63325,7
2105352,15426371111111,11,gcc_reference,65697,65697,6
2105628,15426371112233,11,solver_cli,67390,67390,4
2105628,15426371112233,11,gcc_reference,69558,69558,4
2111201,35426712131132,11,solver_cli,70217,70217,7
2111201,35426712131132,11,gcc_reference,72317,72317,7
2111204,35426713131113,11,solver_cli,65171,65171,4
2111204,35426713131113,11,gcc_reference,67760,67760,7
2111634,35426713312211,11,solver_cli,63878,63878,7
2111634,35426713312211,11,gcc_reference,66302,66302,6
2111688,35426713111313,11,solver_cli,65504,65504,5
2111688,35426713111313,11,gcc_reference,68038,68038,6
2111841,35426712311312,11,solver_cli,69139,69139,6
2111841,35426712311312,11,gcc_reference,71213,71213,6
2112254,35126742231233,11,solver_cli,70013,70013,8
2112254,35126742231233,11,gcc_reference,72016,72016,6
2112266,35126741232212,11,solver_cli,69976,69976,6
2112266,35126741232212,11,gcc_reference,71994,71994,6
2122042,15346271321321,11,solver_cli,67425,67425,6
2122042,15346271321321,11,gcc_reference,69771,69771,4
2123504,15246371331332,11,solver_cli,69612,69612,6
2123504,15246371331332,11,gcc_reference,71680,71680,5
2123513,15246372331331,11,solver_cli,70336,70336,4
2123513,15246372331331,11,gcc_reference,72295,72295,4
2123531,15246371332331,11,solver_cli,71448,71448,5
2123531,15246371332331,11,gcc_reference,73421,73421,5
2123577,15746321111111,11,solver_cli,67969,67969,6
2123577,15746321111111,11,gcc_reference,70032,70032,8
2123802,15746322313112,11,solver_cli,67928,67928,7
2123802,15746322313112,11,gcc_reference,70076,70076,6
2124037,15746321323211,11,solver_cli,68202,68202,6
2124037,15746321323211,11,gcc_reference,70506,70506,5
2127222,35246171111111,11,solver_cli,65260,65260,8
2127222,35246171111111,11,gcc_reference,67726,67726,6
2127765,35246171113322,11,solver_cli,68222,68222,8
2127765,35246171113322,11,gcc_reference,70659,70659,6
2127852,35246172213311,11,solver_cli,69963,69963,7
2127852,35246172213311,11,gcc_reference,72335,72335,7
2130917,75346213132121,11,solver_cli,68318,68318,8
2130917,75346213132121,11,gcc_reference,70485,70485,8
2130918,75346213112132,11,solver_cli,68434,68434,8
2130918,75346213112132,11,gcc_reference,70679,70679,6
2130926,75346211133122,11,solver_cli,65725,65725,4
2130926,75346211133122,11,gcc_reference,67973,67973,5
2131079,75346213332122,11,solver_cli,65770,65770,8
2131079,75346213332122,11,gcc_reference,68219,68219,7
2131272,75346211311211,11,solver_cli,66786,66786,8
2131272,75346211311211,11,gcc_reference,69030,69030,4
2131403,75346213132322,11,solver_cli,64793,64793,6
2131403,75346213132322,11,gcc_reference,67093,67093,5
2131434,75346211211311,11,solver_cli,68681,68681,6
2131434,75346211211311,11,gcc_reference,70859,70859,6
2131585,75346212323333,11,solver_cli,66306,66306,7
2131585,75346212323333,11,gcc_reference,68579,68579,5
2132300,75246131333312,11,solver_cli,66512,66512,6
2132300,75246131333312,11,gcc_reference,68572,68572,5
2132396,75346122133133,11,solver_cli,65394,65394,10
2132396,75346122133133,11,gcc_reference,67759,67759,9
2133054,75246311111111,11,solver_cli,65020,65020,9
2133054,75246311111111,11,gcc_reference,67391,67391,5
2133504,75246313312211,11,solver_cli,65324,65324,4
2133504,75246313312211,11,gcc_reference,67810,67810,4
2133666,75246313212311,11,solver_cli,65431,65431,7
2133666,75246313212311,11,gcc_reference,67630,67630,6
2133755,75246313332332,11,solver_cli,68553,68553,5
2133755,75246313332332,11,gcc_reference,70823,70823,7
2134492,75146321323331,11,solver_cli,69171,69171,7
2134492,75146321323331,11,gcc_reference,71007,71007,7
2135595,25716431212223,11,solver_cli,66115,66115,5
2135595,25716431212223,11,gcc_reference,68244,68244,4
2135638,25716433223213,11,solver_cli,67156,67156,5
2135638,25716433223213,11,gcc_reference,69325,69325,6
2146959,35416721113112,11,solver_cli,70203,70203,6
2146959,35416721113112,11,gcc_reference,72512,72512,6
2147276,35416723232213,11,solver_cli,63803,63803,5
2147276,35416723232213,11,gcc_reference,66241,66241,8
2148695,75316241231231,11,solver_cli,64845,64845,6
2148695,75316241231231,11,gcc_reference,67108,67108,5
2151650,75416323232213,11,solver_cli,68885,68885,6
2151650,75416323232213,11,gcc_reference,70314,70314,7
2152793,25736411133113,11,solver_cli,65128,65128,7
2152793,25736411133113,11,gcc_reference,67752,67752,5
2152810,25736413123112,11,solver_cli,69724,69724,5
2152810,25736413123112,11,gcc_reference,71817,71817,8
2152901,25736411331113,11,solver_cli,64400,64400,8
2152901,25736411331113,11,gcc_reference,66953,66953,7
2153309,25736411231321,11,solver_cli,65965,65965,9
2153309,25736411231321,11,gcc_reference,68271,68271,8
2153386,25736411321312,11,solver_cli,68685,68685,8
2153386,25736411321312,11,gcc_reference,70744,70744,8
2154198,25736141111123,11,solver_cli,65381,65381,9
2154198,25736141111123,11,gcc_reference,67788,67788,8
2154581,25736141233232,11,solver_cli,64989,64989,5
2154581,25736141233232,11,gcc_reference,67473,67473,8
2154965,25436712132122,11,solver_cli,74695,74695,9
2154965,25436712132122,11,gcc_reference,75661,75661,5
2154991,25436712123122,11,solver_cli,72675,72675,9
2154991,25436712123122,11,gcc_reference,73561,73561,7
2155136,25436713332122,11,solver_cli,66215,66215,8
2155136,25436713332122,11,gcc_reference,68607,68607,8
2155399,25436712323231,11,solver_cli,65617,65617,4
2155399,25436712323231,11,gcc_reference,67870,67870,4
2155480,25436712123332,11,solver_cli,66305,66305,9
2155480,25436712123332,11,gcc_reference,68567,68567,9
2155541,25436713232321,11,solver_cli,68268,68268,12
2155541,25436713232321,11,gcc_reference,70511,70511,10
2155572,25436711311313,11,solver_cli,65171,65171,4
2155572,25436711311313,11,gcc_reference,67607,67607,6
2158840,45736121122211,11,solver_cli,71963,71963,5
2158840,45736121122211,11,gcc_reference,73501,73501,10
2162214,15236471111111,11,solver_cli,67201,67201,10
2162214,15236471111111,11,gcc_reference,69077,69077,10
2162318,15236473231121,11,solver_cli,69246,69246,10
2162318,15236473231121,11,gcc_reference,71384,71384,11
2168448,75236143213232,11,solver_cli,68671,68671,8
2168448,75236143213232,11,gcc_reference,71238,71238,8
2173898,45176233131113,11,solver_cli,69466,69466,5
2173898,45176233131113,11,gcc_reference,71366,71366,8
2173934,45176231133113,11,solver_cli,67643,67643,7
2173934,45176231133113,11,gcc_reference,69641,69641,8
2174042,45176231331113,11,solver_cli,70800,70800,5
2174042,45176231331113,11,gcc_reference,72692,72692,5
2174366,45176231131313,11,solver_cli,68292,68292,4
2174366,45176231131313,11,gcc_reference,70181,70181,7
2174828,45376211333123,11,solver_cli,65049,65049,8
2174828,45376211333123,11,gcc_reference,67679,67679,8
2175116,45376213131323,11,solver_cli,63232,63232,4
2175116,45376213131323,11,gcc_reference,65718,65718,4
2175332,45376213333322,11,solver_cli,68437,68437,8
2175332,45376213333322,11,gcc_reference,70439,70439,8
2175344,45276131131133,11,solver_cli,68759,68759,7
2175344,45276131131133,11,gcc_reference,71102,71102,7
2176073,45376121131133,11,solver_cli,65064,65064,5
2176073,45376121131133,11,gcc_reference,67431,67431,4
2176715,45376121331311,11,solver_cli,68205,68205,6
2176715,45376121331311,11,gcc_reference,70552,70552,6
2177531,45176321131133,11,solver_cli,66180,66180,6
2177531,45176321131133,11,gcc_reference,68532,68532,4
2186362,35476122221111,11,solver_cli,68066,68066,4
2186362,35476122221111,11,gcc_reference,70706,70706,5
2191434,12356471113133,11,solver_cli,67669,67669,5
2191434,12356471113133,11,gcc_reference,69990,69990,6
2194673,12456731233223,11,solver_cli,68475,68475,8
2194673,12456731233223,11,gcc_reference,70743,70743,8
2194808,12456731132321,11,solver_cli,68314,68314,6
2194808,12456731132321,11,gcc_reference,70322,70322,6
2194933,12456733223321,11,solver_cli,67925,67925,5
2194933,12456733223321,11,gcc_reference,70081,70081,6
2195081,12356741133131,11,solver_cli,69832,69832,6
2195081,12356741133131,11,gcc_reference,71864,71864,7
2195097,12356743113131,11,solver_cli,69814,69814,7
2195097,12356743113131,11,gcc_reference,71830,71830,6
2195241,12356741313131,11,solver_cli,71663,71663,4
2195241,12356741313131,11,gcc_reference,73602,73602,8
2195748,32156471111111,11,solver_cli,68618,68618,7
2195748,32156471111111,11,gcc_reference,70806,70806,7
2195905,32156473223123,11,solver_cli,65620,65620,7
2195905,32156473223123,11,gcc_reference,67981,67981,7
2195954,32156472332132,11,solver_cli,64840,64840,6
2195954,32156472332132,11,gcc_reference,67138,67138,7
2196045,32156471113211,11,solver_cli,66481,66481,5
2196045,32156471113211,11,gcc_reference,68774,68774,7
2196350,32156471232332,11,solver_cli,65420,65420,7
2196350,32156471232332,11,gcc_reference,67710,67710,6
2196437,32156472332321,11,solver_cli,68204,68204,5
2196437,32156472332321,11,gcc_reference,70464,70464,7
2196438,32156472312332,11,solver_cli,67784,67784,8
2196438,32156472312332,11,gcc_reference,70033,70033,8
2196467,32156472333332,11,solver_cli,66168,66168,8
2196467,32156472333332,11,gcc_reference,68563,68563,8
2197824,32456173212332,11,solver_cli,65678,65678,8
2197824,32456173212332,11,gcc_reference,68000,68000,5
2198075,32756141233121,11,solver_cli,67139,67139,9
2198075,32756141233121,11,gcc_reference,69105,69105,9
2198807,32456711233133,11,solver_cli,69227,69227,9
2198807,32456711233133,11,gcc_reference,71060,71060,9
2199567,32156742311123,11,solver_cli,65153,65153,9
2199567,32156742311123,11,gcc_reference,67380,67380,5
2199626,32156742333131,11,solver_cli,69320,69320,7
2199626,32156742333131,11,gcc_reference,71469,71469,7
2199864,32156742313223,11,solver_cli,65701,65701,7
2199864,32156742313223,11,gcc_reference,68155,68155,4
2199909,32156741112323,11,solver_cli,64170,64170,7
2199909,32156741112323,11,gcc_reference,66654,66654,5
2202411,72356143211123,11,solver_cli,70372,70372,5
2202411,72356143211123,11,gcc_reference,72686,72686,7
2202419,72356141232113,11,solver_cli,68962,68962,7
2202419,72356141232113,11,gcc_reference,71306,71306,5
2202825,72356141112323,11,solver_cli,65250,65250,9
2202825,72356141112323,11,gcc_reference,67719,67719,7
2209119,12346571111231,11,solver_cli,67234,67234,4
2209119,12346571111231,11,gcc_reference,69580,69580,7
2210902,12546371221331,11,solver_cli,67538,67538,7
2210902,12546371221331,11,gcc_reference,69871,69871,7
2212575,12346751113133,11,solver_cli,67114,67114,5
2212575,12346751113133,11,gcc_reference,69502,69502,6
2216638,32546713323212,11,solver_cli,71024,71024,5
2216638,32546713323212,11,gcc_reference,72609,72609,10
2217254,32146752232223,11,solver_cli,65786,65786,12
2217254,32146752232223,11,gcc_reference,68207,68207,11
2217488,32146751232323,11,solver_cli,66069,66069,12
2217488,32146751232323,11,gcc_reference,68021,68021,9
2220751,72546311323112,11,solver_cli,65800,65800,13
2220751,72546311323112,11,gcc_reference,67787,67787,10
2221012,72546313323212,11,solver_cli,65890,65890,10
2221012,72546313323212,11,gcc_reference,68299,68299,10
2221628,72146352232223,11,solver_cli,70714,70714,10
2221628,72146352232223,11,gcc_reference,72347,72347,9
2227970,42516372233111,11,solver_cli,62731,62731,10
2227970,42516372233111,11,gcc_reference,65032,65032,8
2233234,32716452123212,11,solver_cli,65436,65436,8
2233234,32716452123212,11,gcc_reference,67742,67742,8
2234650,32416753121222,11,solver_cli,66040,66040,5
2234650,32416753121222,11,gcc_reference,68318,68318,8
2238501,72516342313223,11,solver_cli,69465,69465,8
2238501,72516342313223,11,gcc_reference,71243,71243,5
2242114,52736141322233,11,solver_cli,69967,69967,7
2242114,52736141322233,11,gcc_reference,71978,71978,9
2248004,42136752131312,11,solver_cli,65114,65114,7
2248004,42136752131312,11,gcc_reference,67196,67196,8
2251668,12536741112323,11,solver_cli,63756,63756,7
2251668,12536741112323,11,gcc_reference,66173,66173,4
2253778,72136541322233,11,solver_cli,65372,65372,8
2253778,72136541322233,11,gcc_reference,67478,67478,7
2258086,52376413222223,11,solver_cli,69535,69535,7
2258086,52376413222223,11,gcc_reference,71142,71142,5
2266541,12376543133132,11,solver_cli,64109,64109,8
2266541,12376543133132,11,gcc_reference,66688,66688,5
2266720,12376542121232,11,solver_cli,63511,63511,8
2266720,12376542121232,11,gcc_reference,65964,65964,8
2266768,12376542123212,11,solver_cli,67064,67064,6
2266768,12376542123212,11,gcc_reference,69655,69655,8
2266784,12376543133231,11,solver_cli,65727,65727,8
2266784,12376543133231,11,gcc_reference,68270,68270,8
2266820,12376541232233,11,solver_cli,64698,64698,8
2266820,12376541232233,11,gcc_reference,67012,67012,7
2266900,12376541322233,11,solver_cli,66462,66462,6
2266900,12376541322233,11,gcc_reference,68806,68806,7
2266977,12376541112323,11,solver_cli,62764,62764,4
2266977,12376541112323,11,gcc_reference,64995,64995,7
2267979,12376451113133,11,solver_cli,63359,63359,8
2267979,12376451113133,11,gcc_reference,65690,65690,5
2268165,12376451111222,11,solver_cli,64506,64506,8
2268165,12376451111222,11,gcc_reference,66979,66979,8
2268244,12376451221211,11,solver_cli,67988,67988,8
2268244,12376451221211,11,gcc_reference,70179,70179,8
2269020,12576343212221,11,solver_cli,67410,67410,5
2269020,12576343212221,11,gcc_reference,69525,69525,7
2270483,32476513232231,11,solver_cli,66901,66901,5
2270483,32476513232231,11,gcc_reference,69219,69219,9
2273493,32576142313223,11,solver_cli,69570,69570,8
2273493,32576142313223,11,gcc_reference,71803,71803,9
2282938,14356721322233,11,solver_cli,67055,67055,4
2282938,14356721322233,11,gcc_reference,69284,69284,7
2283015,14356721112323,11,solver_cli,64114,64114,8
2283015,14356721112323,11,gcc_reference,66566,66566,7
2290785,74256313111232,11,solver_cli,70473,70473,8
2290785,74256313111232,11,gcc_reference,72414,72414,8
2290927,74256311321222,11,solver_cli,69483,69483,6
2290927,74256311321222,11,gcc_reference,71568,71568,8
2291287,74156322122123,11,solver_cli,64858,64858,8
2291287,74156322122123,11,gcc_reference,67473,67473,8
2291324,74156323133123,11,solver_cli,69187,69187,8
2291324,74156323133123,11,gcc_reference,71272,71272,6
2291718,74156322313223,11,solver_cli,64351,64351,8
2291718,74156322313223,11,gcc_reference,66730,66730,5
2291773,74156322122321,11,solver_cli,65243,65243,8
2291773,74156322122321,11,gcc_reference,67821,67821,8
2291786,74156323132331,11,solver_cli,69888,69888,7
2291786,74156323132331,11,gcc_reference,72038,72038,8
2292225,54326171111231,11,solver_cli,71363,71363,5
2292225,54326171111231,11,gcc_reference,72984,72984,4
2292252,54326171112233,11,solver_cli,67072,67072,7
2292252,54326171112233,11,gcc_reference,69286,69286,5
2292388,54326171321231,11,solver_cli,67292,67292,6
2292388,54326171321231,11,gcc_reference,69485,69485,7
2293844,54126371331221,11,solver_cli,68759,68759,7
2293844,54126371331221,11,gcc_reference,71315,71315,6
2295891,54326711112212,11,solver_cli,68755,68755,9
2295891,54326711112212,11,gcc_reference,71310,71310,9
2297192,14726531232122,11,solver_cli,73420,73420,9
2297192,14726531232122,11,gcc_reference,74378,74378,8
2297218,14726531223122,11,solver_cli,75921,75921,5
2297218,14726531223122,11,gcc_reference,76902,76902,10
2297317,14726533323122,11,solver_cli,65053,65053,5
2297317,14726533323122,11,gcc_reference,67406,67406,5
2297684,14726532232313,11,solver_cli,65883,65883,7
2297684,14726532232313,11,gcc_reference,68130,68130,7
2297702,14726531233313,11,solver_cli,75960,75960,8
2297702,14726531233313,11,gcc_reference,76921,76921,8
2297783,14726531333312,11,solver_cli,73456,73456,5
2297783,14726531333312,11,gcc_reference,74405,74405,5
2304254,34526713232312,11,solver_cli,66275,66275,7
2304254,34526713232312,11,gcc_reference,68544,68544,4
2308973,74126352333122,11,solver_cli,66119,66119,7
2308973,74126352333122,11,gcc_reference,68403,68403,4
2310319,54716232222113,11,solver_cli,66024,66024,5
2310319,54716232222113,11,gcc_reference,68570,68570,5
2312130,54716322313223,11,solver_cli,69778,69778,4
2312130,54716322313223,11,gcc_reference,71985,71985,5
2312175,54716321112323,11,solver_cli,64310,64310,9
2312175,54716321112323,11,gcc_reference,66736,66736,5
2315050,24716532323231,11,solver_cli,64228,64228,5
2315050,24716532323231,11,gcc_reference,66338,66338,5
2316908,24516732233111,11,solver_cli,65215,65215,5
2316908,24516732233111,11,gcc_reference,67608,67608,6
2318367,34216572213122,11,solver_cli,63960,63960,6
2318367,34216572213122,11,gcc_reference,65995,65995,5
2319337,34716522223211,11,solver_cli,67650,67650,5
2319337,34716522223211,11,gcc_reference,69733,69733,4
2319678,34516271111111,11,solver_cli,63660,63660,5
2319678,34516271111111,11,gcc_reference,66261,66261,6
2320368,34516272312332,11,solver_cli,64265,64265,5
2320368,34516272312332,11,gcc_reference,66865,66865,4
2321607,34516722313223,11,solver_cli,68704,68704,7
2321607,34516722313223,11,gcc_reference,70690,70690,10
2332681,24736512222332,11,solver_cli,71277,71277,4
2332681,24736512222332,11,gcc_reference,73181,73181,6
2334608,24536713231232,11,solver_cli,66798,66798,4
2334608,24536713231232,11,gcc_reference,69249,69249,5
2336507,14736521133131,11,solver_cli,64576,64576,4
2336507,14736521133131,11,gcc_reference,67102,67102,7
2336523,14736523113131,11,solver_cli,66676,66676,6
2336523,14736523113131,11,gcc_reference,69258,69258,4
2336639,14736521332121,11,solver_cli,67559,67559,8
2336639,14736521332121,11,gcc_reference,69800,69800,4
2336720,14736521132222,11,solver_cli,64021,64021,5
2336720,14736521132222,11,gcc_reference,66676,66676,7
2336736,14736523112222,11,solver_cli,64766,64766,9
2336736,14736523112222,11,gcc_reference,67324,67324,4
2336769,14736521211212,11,solver_cli,65512,65512,6
2336769,14736521211212,11,gcc_reference,68094,68094,5
2336857,14736521321231,11,solver_cli,66078,66078,5
2336857,14736521321231,11,gcc_reference,68365,68365,8
2336884,14736521322233,11,solver_cli,63834,63834,8
2336884,14736521322233,11,gcc_reference,66172,66172,4
2337013,14736521221313,11,solver_cli,67555,67555,6
2337013,14736521221313,11,gcc_reference,69491,69491,4
2337072,14736521213333,11,solver_cli,66102,66102,5
2337072,14736521213333,11,gcc_reference,68650,68650,8
2337840,14536273311311,11,solver_cli,66130,66130,5
2337840,14536273311311,11,gcc_reference,68692,68692,6
2337909,14736251111132,11,solver_cli,65177,65177,4
2337909,14736251111132,11,gcc_reference,67631,67631,4
2338276,14736253222223,11,solver_cli,65879,65879,5
2338276,14736253222223,11,gcc_reference,68283,68283,5
2338422,14736251112332,11,solver_cli,68902,68902,5
2338422,14736251112332,11,gcc_reference,71181,71181,6
2341021,74136522322121,11,solver_cli,68483,68483,5
2341021,74136522322121,11,gcc_reference,70342,70342,4
2345199,54376211111132,11,solver_cli,67122,67122,5
2345199,54376211111132,11,gcc_reference,69352,69352,6
2345253,54376211113133,11,solver_cli,69180,69180,5
2345253,54376211113133,11,gcc_reference,71613,71613,4
2345439,54376211111222,11,solver_cli,64822,64822,5
2345439,54376211111222,11,gcc_reference,67333,67333,4
2346554,54276132233312,11,solver_cli,63451,63451,4
2346554,54276132233312,11,gcc_reference,65599,65599,7
2347090,54376121322233,11,solver_cli,69951,69951,5
2347090,54376121322233,11,gcc_reference,71957,71957,6
2349688,24376512222122,11,solver_cli,67806,67806,5
2349688,24376512222122,11,gcc_reference,70077,70077,7
2367331,41756233121231,11,solver_cli,66211,66211,6
2367331,41756233121231,11,gcc_reference,68324,68324,5
2367469,41756231321213,11,solver_cli,67042,67042,5
2367469,41756231321213,11,gcc_reference,69237,69237,4
2372495,31256471231222,11,solver_cli,64483,64483,6
2372495,31256471231222,11,gcc_reference,66810,66810,10
2374608,31456722111221,11,solver_cli,68857,68857,10
2374608,31456722111221,11,gcc_reference,70281,70281,6
2378982,71456322111221,11,solver_cli,63352,63352,5
2378982,71456322111221,11,gcc_reference,65853,65853,4
2379406,71456321322323,11,solver_cli,70420,70420,7
2379406,71456321322323,11,gcc_reference,72694,72694,5
2380744,51726433123313,11,solver_cli,65792,65792,5
2380744,51726433123313,11,gcc_reference,68369,68369,7
2382372,51426731111111,11,solver_cli,64349,64349,4
2382372,51426731111111,11,gcc_reference,66761,66761,5
2382822,51426733312211,11,solver_cli,69990,69990,7
2382822,51426733312211,11,gcc_reference,72165,72165,4
2385006,41726532312233,11,solver_cli,63462,63462,4
2385006,41726532312233,11,gcc_reference,65676,65676,4
2386731,41726352313322,11,solver_cli,65644,65644,4
2386731,41726352313322,11,gcc_reference,68001,68001,6
2393060,71426533333223,11,solver_cli,67705,67705,7
2393060,71426533333223,11,gcc_reference,69804,69804,6
2394029,71326543333313,11,solver_cli,63861,63861,7
2394029,71326543333313,11,gcc_reference,65896,65896,4
2394815,71326453132121,11,solver_cli,64253,64253,6
2394815,71326453132121,11,gcc_reference,66857,66857,7
2395332,71326451211311,11,solver_cli,63773,63773,7
2395332,71326451211311,11,gcc_reference,66348,66348,7
2396673,71426353312211,11,solver_cli,68807,68807,7
2396673,71426353312211,11,gcc_reference,70785,70785,4
2405685,21346752313322,11,solver_cli,62788,62788,5
2405685,21346752313322,11,gcc_reference,65079,65079,5
2409795,31246753312211,11,solver_cli,69396,69396,7
2409795,31246753312211,11,gcc_reference,71180,71180,7
2411957,71546233331213,11,solver_cli,64800,64800,7
2411957,71546233331213,11,gcc_reference,67194,67194,7
2413325,71546322231212,11,solver_cli,68269,68269,4
2413325,71546322231212,11,gcc_reference,70571,70571,8
2421862,21536742222131,11,solver_cli,64600,64600,8
2421862,21536742222131,11,gcc_reference,67268,67268,8
2424311,41736521233232,11,solver_cli,64743,64743,7
2424311,41736521233232,11,gcc_reference,67069,67069,8
2424374,41736522332231,11,solver_cli,68618,68618,9
2424374,41736522332231,11,gcc_reference,70917,70917,5
2427458,41236753232321,11,solver_cli,64879,64879,5
2427458,41236753232321,11,gcc_reference,67466,67466,8
2429993,71436253333112,11,solver_cli,64987,64987,8
2429993,71436253333112,11,gcc_reference,67308,67308,8
2437050,21376541111123,11,solver_cli,67058,67058,9
2437050,21376541111123,11,gcc_reference,69182,69182,5
2437055,21376541131133,11,solver_cli,63023,63023,9
2437055,21376541131133,11,gcc_reference,65250,65250,7
2437318,21376541122211,11,solver_cli,64442,64442,8
2437318,21376541122211,11,gcc_reference,66687,66687,7
2437560,21376541112311,11,solver_cli,68294,68294,7
2437560,21376541112311,11,gcc_reference,70461,70461,5
2443971,41576322212222,11,solver_cli,66363,66363,5
2443971,41576322212222,11,gcc_reference,68612,68612,7
2449265,31276452133322,11,solver_cli,66808,66808,7
2449265,31276452133322,11,gcc_reference,69047,69047,7
2449422,31276452313313,11,solver_cli,69217,69217,8
2449422,31276452313313,11,gcc_reference,71444,71444,9
2449555,23156471222132,11,solver_cli,63352,63352,5
2449555,23156471222132,11,gcc_reference,65825,65825,6
2449664,23156471333132,11,solver_cli,68204,68204,6
2449664,23156471333132,11,gcc_reference,70240,70240,8
2450167,23156473323332,11,solver_cli,65005,65005,6
2450167,23156473323332,11,gcc_reference,67644,67644,6
2450296,23756413222112,11,solver_cli,67938,67938,5
2450296,23756413222112,11,gcc_reference,69866,69866,7
2450764,23756411222312,11,solver_cli,69445,69445,9
2450764,23756411222312,11,gcc_reference,71347,71347,9
2450809,23756413223312,11,solver_cli,70311,70311,10
2450809,23756413223312,11,gcc_reference,72245,72245,7
2450863,23756413322312,11,solver_cli,67953,67953,9
2450863,23756413322312,11,gcc_reference,69901,69901,4
2451056,23456173233122,11,solver_cli,68349,68349,8
2451056,23456173233122,11,gcc_reference,70689,70689,8
2451516,23456173212332,11,solver_cli,65298,65298,8
2451516,23456173212332,11,gcc_reference,67633,67633,8
2452246,23756143222331,11,solver_cli,68216,68216,8
2452246,23756143222331,11,gcc_reference,70623,70623,5
2452974,23456713212332,11,solver_cli,66381,66381,7
2452974,23456713212332,11,gcc_reference,68711,68711,8
2466797,73456123231322,11,solver_cli,68248,68248,8
2466797,73456123231322,11,gcc_reference,70868,70868,5
2467268,53126471231231,11,solver_cli,65989,65989,9
2467268,53126471231231,11,gcc_reference,68352,68352,6
2467508,53126471231321,11,solver_cli,66767,66767,6
2467508,53126471231321,11,gcc_reference,69038,69038,6
2467588,53126471321321,11,solver_cli,69035,69035,7
2467588,53126471321321,11,gcc_reference,71488,71488,5
2468670,53426171112233,11,solver_cli,69627,69627,6
2468670,53426171112233,11,gcc_reference,71672,71672,6
2469362,53726143333121,11,solver_cli,63682,63682,7
2469362,53726143333121,11,gcc_reference,65782,65782,7
2471861,43126572133313,11,solver_cli,68345,68345,7
2471861,43126572133313,11,gcc_reference,70533,70533,4
2484745,53146272123233,11,solver_cli,69914,69914,7
2484745,53146272123233,11,gcc_reference,71478,71478,5
2493180,13246571111111,11,solver_cli,62777,62777,4
2493180,13246571111111,11,gcc_reference,65001,65001,5
2493456,13246571112233,11,solver_cli,66138,66138,6
2493456,13246571112233,11,gcc_reference,68526,68526,9
2493483,13246571113232,11,solver_cli,65137,65137,9
2493483,13246571113232,11,gcc_reference,67393,67393,9
2493529,13246573221233,11,solver_cli,63708,63708,5
2493529,13246573221233,11,gcc_reference,66133,66133,5
2493602,13246572331232,11,solver_cli,65496,65496,4
2493602,13246572331232,11,gcc_reference,68073,68073,7
2493607,13246573321223,11,solver_cli,66844,66844,7
2493607,13246573321223,11,gcc_reference,69451,69451,7
2493844,13246572321332,11,solver_cli,64510,64510,8
2493844,13246572321332,11,gcc_reference,67046,67046,6
2494970,13546271231231,11,solver_cli,64327,64327,4
2494970,13546271231231,11,gcc_reference,66812,66812,7
2495016,13546271213213,11,solver_cli,67580,67580,7
2495016,13546271213213,11,gcc_reference,69827,69827,6
2495290,13546271321321,11,solver_cli,63898,63898,5
2495290,13546271321321,11,gcc_reference,66150,66150,6
2497133,13246752133211,11,solver_cli,67783,67783,14
2497133,13246752133211,11,gcc_reference,69866,69866,9
2498595,73146522113231,11,solver_cli,67099,67099,11
2498595,73146522113231,11,gcc_reference,69381,69381,9
2501649,73246153312211,11,solver_cli,69860,69860,12
2501649,73246153312211,11,gcc_reference,72060,72060,4
2510200,23416752121211,11,solver_cli,65818,65818,6
2510200,23416752121211,11,gcc_reference,68127,68127,7
2510726,43216573132121,11,solver_cli,69013,69013,7
2510726,43216573132121,11,gcc_reference,71096,71096,7
2510969,43216573132223,11,solver_cli,64042,64042,7
2510969,43216573132223,11,gcc_reference,66338,66338,4
2511288,43216573212311,11,solver_cli,66528,66528,8
2511288,43216573212311,11,gcc_reference,68708,68708,4
2511294,43216573212332,11,solver_cli,63134,63134,8
2511294,43216573212332,11,gcc_reference,65337,65337,8
2516723,73516243332131,11,solver_cli,66609,66609,6
2516723,73516243332131,11,gcc_reference,68868,68868,10
2516743,73516243323113,11,solver_cli,69335,69335,5
2516743,73516243323113,11,gcc_reference,71554,71554,5
2523286,53476121323112,11,solver_cli,65622,65622,7
2523286,53476121323112,11,gcc_reference,68210,68210,7
2523775,53476121323322,11,solver_cli,65604,65604,5
2523775,53476121323322,11,gcc_reference,68198,68198,8
2525891,23576412233321,11,solver_cli,66253,66253,4
2525891,23576412233321,11,gcc_reference,68424,68424,5
2525943,23576412312323,11,solver_cli,66820,66820,7
2525943,23576412312323,11,gcc_reference,69121,69121,7
2526269,23176452132221,11,solver_cli,66081,66081,7
2526269,23176452132221,11,gcc_reference,68246,68246,7
2526443,23176453332233,11,solver_cli,66263,66263,5
2526443,23176453332233,11,gcc_reference,68493,68493,4
2529915,43576212112232,11,solver_cli,66487,66487,5
2529915,43576212112232,11,gcc_reference,68592,68592,4
2529931,43576211123222,11,solver_cli,66358,66358,6
2529931,43576211123222,11,gcc_reference,68565,68565,5
2530429,43176252123131,11,solver_cli,65996,65996,7
2530429,43176252123131,11,gcc_reference,68393,68393,6
2530536,43176252311132,11,solver_cli,65835,65835,4
2530536,43176252311132,11,gcc_reference,68068,68068,7
2532605,13276541133122,11,solver_cli,63659,63659,5
2532605,13276541133122,11,gcc_reference,65842,65842,5
2532712,13276541321123,11,solver_cli,65913,65913,8
2532712,13276541321123,11,gcc_reference,68137,68137,9
2532763,13276541323112,11,solver_cli,67469,67469,7
2532763,13276541323112,11,gcc_reference,69662,69662,5
2532784,13276543323122,11,solver_cli,68006,68006,7
2532784,13276543323122,11,gcc_reference,70314,70314,6
2533167,13276541213312,11,solver_cli,65978,65978,9
2533167,13276541213312,11,gcc_reference,68206,68206,10
2533222,13276541322311,11,solver_cli,63776,63776,6
2533222,13276541322311,11,gcc_reference,65946,65946,6
2533252,13276541323322,11,solver_cli,67807,67807,7
2533252,13276541323322,11,gcc_reference,69952,69952,6
2533258,13276542323312,11,solver_cli,67112,67112,5
2533258,13276542323312,11,gcc_reference,69535,69535,5
2534436,13576241312213,11,solver_cli,62913,62913,6
2534436,13576241312213,11,gcc_reference,65002,65002,7
2534656,13576241321321,11,solver_cli,64513,64513,5
2534656,13576241321321,11,gcc_reference,66918,66918,7
2536334,13276451233133,11,solver_cli,64829,64829,5
2536334,13276451233133,11,gcc_reference,67194,67194,6
2536488,13276451113211,11,solver_cli,63199,63199,6
2536488,13276451113211,11,gcc_reference,65253,65253,4
2538671,27456133132223,11,solver_cli,71508,71508,6
2538671,27456133132223,11,gcc_reference,73117,73117,6
2541399,47156233211132,11,solver_cli,65934,65934,5
2541399,47156233211132,11,gcc_reference,68240,68240,6
2541449,47156233233113,11,solver_cli,68116,68116,6
2541449,47156233233113,11,gcc_reference,70248,70248,6
2541934,47156233223312,11,solver_cli,64115,64115,5
2541934,47156233223312,11,gcc_reference,66700,66700,5
2541971,47156231332313,11,solver_cli,69538,69538,6
2541971,47156231332313,11,gcc_reference,71656,71656,7
2541988,47156233322312,11,solver_cli,65327,65327,5
2541988,47156233322312,11,gcc_reference,67905,67905,7
2543182,47256133321232,11,solver_cli,66264,66264,7
2543182,47256133321232,11,gcc_reference,68576,68576,7
2543364,47256133212311,11,solver_cli,64844,64844,8
2543364,47256133212311,11,gcc_reference,67311,67311,6
2544939,47156321111111,11,solver_cli,68129,68129,4
2544939,47156321111111,11,gcc_reference,70404,70404,7
2545096,47156323223123,11,solver_cli,65548,65548,8
2545096,47156323223123,11,gcc_reference,67933,67933,7
2545145,47156322332132,11,solver_cli,66463,66463,7
2545145,47156322332132,11,gcc_reference,68702,68702,7
2545413,47156322313232,11,solver_cli,65135,65135,4
2545413,47156322313232,11,gcc_reference,67454,67454,9
2545463,47156322132311,11,solver_cli,74499,74499,9
2545463,47156322132311,11,gcc_reference,75501,75501,8
2545481,47156321133311,11,solver_cli,65683,65683,5
2545481,47156321133311,11,gcc_reference,68151,68151,8
2545625,47156322332312,11,solver_cli,72656,72656,8
2545625,47156322332312,11,gcc_reference,73537,73537,8
2546979,17356242211331,11,solver_cli,69027,69027,8
2546979,17356242211331,11,gcc_reference,71204,71204,6
2546991,17356241212313,11,solver_cli,66937,66937,8
2546991,17356241212313,11,gcc_reference,68853,68853,7
2553379,37256142321233,11,solver_cli,68573,68573,8
2553379,37256142321233,11,gcc_reference,71157,71157,11
2558861,47126532133133,11,solver_cli,71122,71122,11
2558861,47126532133133,11,gcc_reference,73049,73049,10
2562821,47126351233232,11,solver_cli,66708,66708,10
2562821,47126351233232,11,gcc_reference,69171,69171,10
2563302,17426531213123,11,solver_cli,67420,67420,11
2563302,17426531213123,11,gcc_reference,69365,69365,7
2563386,17426531313131,11,solver_cli,66767,66767,8
2563386,17426531313131,11,gcc_reference,69219,69219,8
2563408,17426531121212,11,solver_cli,64620,64620,8
2563408,17426531121212,11,gcc_reference,67207,67207,8
2563417,17426532121211,11,solver_cli,64922,64922,7
2563417,17426532121211,11,gcc_reference,67460,67460,8
2563440,17426531112233,11,solver_cli,63534,63534,9
2563440,17426531112233,11,gcc_reference,65919,65919,9
2563523,17426531232233,11,solver_cli,65904,65904,9
2563523,17426531232233,11,gcc_reference,68234,68234,8
2563546,17426531223221,11,solver_cli,64909,64909,8
2563546,17426531223221,11,gcc_reference,67564,67564,9
2563679,17426531132312,11,solver_cli,67785,67785,7
2563679,17426531132312,11,gcc_reference,69997,69997,9
2563820,17426531331332,11,solver_cli,64101,64101,6
2563820,17426531331332,11,gcc_reference,66695,66695,9
2563829,17426532331331,11,solver_cli,66517,66517,9
2563829,17426532331331,11,gcc_reference,69121,69121,8
2564627,17526431131121,11,solver_cli,69225,69225,8
2564627,17526431131121,11,gcc_reference,71476,71476,8
2564935,17526432123233,11,solver_cli,65497,65497,8
2564935,17526432123233,11,gcc_reference,67966,67966,8
2565194,17526431231321,11,solver_cli,64500,64500,8
2565194,17526431231321,11,gcc_reference,67036,67036,6
2565468,17326452212111,11,solver_cli,66380,66380,10
2565468,17326452212111,11,gcc_reference,68905,68905,9
2568071,37426513132313,11,solver_cli,68045,68045,9
2568071,37426513132313,11,gcc_reference,69964,69964,6
2573646,57246131112233,11,solver_cli,69379,69379,8
2573646,57246131112233,11,gcc_reference,71473,71473,8
2579297,27546312231122,11,solver_cli,64944,64944,8
2579297,27546312231122,11,gcc_reference,67031,67031,6
2584305,17246351111111,11,solver_cli,63837,63837,6
2584305,17246351111111,11,gcc_reference,66249,66249,7
2585310,37246511112233,11,solver_cli,65610,65610,8
2585310,37246511112233,11,gcc_reference,67680,67680,5
2594096,27416532133232,11,solver_cli,68320,68320,6
2594096,27416532133232,11,gcc_reference,70648,70648,8
2594212,27416533321232,11,solver_cli,64017,64017,6
2594212,27416533321232,11,gcc_reference,66423,66423,8
2596698,27516341111111,11,solver_cli,64917,64917,6
2596698,27516341111111,11,gcc_reference,67509,67509,5
2602304,47216352131333,11,solver_cli,64897,64897,5
2602304,47216352131333,11,gcc_reference,67523,67523,7
2606159,37516422333311,11,solver_cli,65262,65262,7
2606159,37516422333311,11,gcc_reference,67532,67532,6
2610123,57236141113232,11,solver_cli,67161,67161,5
2610123,57236141113232,11,gcc_reference,69383,69383,5
2610259,57236141322233,11,solver_cli,67429,67429,6
2610259,57236141322233,11,gcc_reference,69613,69613,6
2610286,57236141323232,11,solver_cli,72040,72040,7
2610286,57236141323232,11,gcc_reference,73771,73771,7
2613422,27536412332312,11,solver_cli,67508,67508,7
2613422,27536412332312,11,gcc_reference,69732,69732,11
2617904,47136252133112,11,solver_cli,67126,67126,7
2617904,47136252133112,11,gcc_reference,69412,69412,10
2621221,17436521323232,11,solver_cli,65352,65352,5
2621221,17436521323232,11,gcc_reference,67709,67709,10
2628248,45623712332123,11,solver_cli,68096,68096,6
2628248,45623712332123,11,gcc_reference,70425,70425,6
2628742,45623713322321,11,solver_cli,67683,67683,9
2628742,45623713322321,11,gcc_reference,69894,69894,6
2633534,65123471233232,11,solver_cli,69376,69376,10
2633534,65123471233232,11,gcc_reference,71601,71601,5
2633661,65123471112311,11,solver_cli,64776,64776,7
2633661,65123471112311,11,gcc_reference,67256,67256,5
2633832,65123472312311,11,solver_cli,67749,67749,5
2633832,65123472312311,11,gcc_reference,70011,70011,5
2636002,65723143321313,11,solver_cli,65838,65838,8
2636002,65723143321313,11,gcc_reference,68143,68143,8
2636734,65423713321322,11,solver_cli,70851,70851,5
2636734,65423713321322,11,gcc_reference,72899,72899,8
2644469,25743611233232,11,solver_cli,66049,66049,8
2644469,25743611233232,11,gcc_reference,68638,68638,5
2646424,15643273223111,11,solver_cli,68875,68875,7
2646424,15643273223111,11,gcc_reference,71110,71110,8
2646680,15643271331221,11,solver_cli,64944,64944,7
2646680,15643271331221,11,gcc_reference,67422,67422,7
2646844,15643271221331,11,solver_cli,66221,66221,8
2646844,15643271221331,11,gcc_reference,68582,68582,4
2648138,15243671331221,11,solver_cli,69261,69261,5
2648138,15243671331221,11,gcc_reference,71697,71697,5
2654059,65243712121322,11,solver_cli,64727,64727,8
2654059,65243712121322,11,gcc_reference,66984,66984,8
2655605,75143263231313,11,solver_cli,65152,65152,8
2655605,75143263231313,11,gcc_reference,67617,67617,5
2657055,75243162211322,11,solver_cli,64131,64131,6
2657055,75243162211322,11,gcc_reference,66425,66425,8
2658237,75243611113232,11,solver_cli,68052,68052,5
2658237,75243611113232,11,gcc_reference,70320,70320,6
2658336,75243613213232,11,solver_cli,64942,64942,8
2658336,75243613213232,11,gcc_reference,67271,67271,8
2661076,25413672323111,11,solver_cli,67356,67356,9
2661076,25413672323111,11,gcc_reference,69499,69499,7
2662573,25413763121222,11,solver_cli,67784,67784,9
2662573,25413763121222,11,gcc_reference,70021,70021,8
2663912,45613272233111,11,solver_cli,65015,65015,6
2663912,45613272233111,11,gcc_reference,67365,67365,9
2664176,45613271331221,11,solver_cli,65587,65587,8
2664176,45613271331221,11,gcc_reference,67916,67916,9
2665318,45213672221123,11,solver_cli,68175,68175,9
2665318,45213672221123,11,gcc_reference,70061,70061,9
2666113,45713623223132,11,solver_cli,67383,67383,8
2666113,45713623223132,11,gcc_reference,69649,69649,9
2671056,65213741111111,11,solver_cli,66002,66002,5
2671056,65213741111111,11,gcc_reference,68379,68379,5
2673560,75613243133213,11,solver_cli,66090,66090,7
2673560,75613243133213,11,gcc_reference,68445,68445,7
2673755,75613243131332,11,solver_cli,65802,65802,7
2673755,75613243131332,11,gcc_reference,68207,68207,6
2675581,75213642223133,11,solver_cli,68404,68404,5
2675581,75213642223133,11,gcc_reference,70443,70443,4
2678297,25763411332322,11,solver_cli,68129,68129,7
2678297,25763411332322,11,gcc_reference,70514,70514,8
2679226,25763142223133,11,solver_cli,67651,67651,8
2679226,25763142223133,11,gcc_reference,69794,69794,7
2680422,25463713212332,11,solver_cli,66746,66746,5
2680422,25463713212332,11,gcc_reference,69096,69096,4
2681049,25163741112323,11,solver_cli,67082,67082,6
2681049,25163741112323,11,gcc_reference,69410,69410,5
2685852,15463271313113,11,solver_cli,72246,72246,4
2685852,15463271313113,11,gcc_reference,73836,73836,7
2686365,15763241111111,11,solver_cli,68331,68331,6
2686365,15763241111111,11,gcc_reference,70634,70634,5
2686597,15763242323132,11,solver_cli,67461,67461,4
2686597,15763242323132,11,gcc_reference,69585,69585,6
2699610,45673212212132,11,solver_cli,69355,69355,6
2699610,45673212212132,11,gcc_reference,71169,71169,4
2699832,45673213211222,11,solver_cli,69509,69509,6
2699832,45673213211222,11,gcc_reference,71485,71485,5
2700337,45273162222122,11,solver_cli,67102,67102,6
2700337,45273162222122,11,gcc_reference,69562,69562,5
2706564,15273641112323,11,solver_cli,65338,65338,5
2706564,15273641112323,11,gcc_reference,67437,67437,6
2717564,12753462231323,11,solver_cli,67061,67061,4
2717564,12753462231323,11,gcc_reference,69653,69653,5
2723727,62453713311122,11,solver_cli,66476,66476,5
2723727,62453713311122,11,gcc_reference,68721,68721,7
2731574,52743612131111,11,solver_cli,65304,65304,6
2731574,52743612131111,11,gcc_reference,67771,67771,5
2731582,52743613121111,11,solver_cli,64713,64713,5
2731582,52743613121111,11,gcc_reference,67075,67075,4
2731596,52743611112131,11,solver_cli,64095,64095,4
2731596,52743611112131,11,gcc_reference,66410,66410,4
2731620,52743611113121,11,solver_cli,65284,65284,5
2731620,52743611113121,11,gcc_reference,67407,67407,5
2731806,52743611111213,11,solver_cli,68915,68915,6
2731806,52743611111213,11,gcc_reference,71425,71425,6
2732049,52743611111312,11,solver_cli,64604,64604,5
2732049,52743611111312,11,gcc_reference,66975,66975,5
2734402,12643571321321,11,solver_cli,69711,69711,5
2734402,12643571321321,11,gcc_reference,72080,72080,5
2735208,12543671111111,11,solver_cli,65083,65083,6
2735208,12543671111111,11,gcc_reference,67493,67493,5
2735221,12543672121121,11,solver_cli,71883,71883,9
2735221,12543672121121,11,gcc_reference,73808,73808,6
2735372,12543671331113,11,solver_cli,70736,70736,6
2735372,12543671331113,11,gcc_reference,72844,72844,5
2735532,12543671211212,11,solver_cli,67690,67690,9
2735532,12543671211212,11,gcc_reference,69675,69675,9
2735555,12543673231223,11,solver_cli,72826,72826,8
2735555,12543673231223,11,gcc_reference,74807,74807,4
2735630,12543672331232,11,solver_cli,68029,68029,6
2735630,12543672331232,11,gcc_reference,69981,69981,5
2735656,12543672322232,11,solver_cli,65263,65263,6
2735656,12543672322232,11,gcc_reference,67493,67493,10
2735718,12543673111331,11,solver_cli,68148,68148,7
2735718,12543673111331,11,gcc_reference,70088,70088,5
2735797,12543673221323,11,solver_cli,67969,67969,4
2735797,12543673221323,11,gcc_reference,69937,69937,6
2735852,12543673233323,11,solver_cli,65933,65933,5
2735852,12543673233323,11,gcc_reference,68059,68059,5
2735872,12543672321332,11,solver_cli,72563,72563,5
2735872,12543672321332,11,gcc_reference,74588,74588,5
2741121,62543711211113,11,solver_cli,68196,68196,4
2741121,62543711211113,11,gcc_reference,70417,70417,5
2741202,62543711311112,11,solver_cli,69789,69789,5
2741202,62543711311112,11,gcc_reference,71944,71944,7
2743117,72143563222331,11,solver_cli,66160,66160,6
2743117,72143563222331,11,gcc_reference,68730,68730,4
2743839,72643513212311,11,solver_cli,68555,68555,6
2743839,72643513212311,11,gcc_reference,70735,70735,5
2743845,72643513212332,11,solver_cli,65110,65110,6
2743845,72643513212332,11,gcc_reference,67392,67392,6
2744055,72543163211111,11,solver_cli,64027,64027,6
2744055,72543163211111,11,gcc_reference,66572,66572,6
2744127,72543162311111,11,solver_cli,65066,65066,5
2744127,72543162311111,11,gcc_reference,67653,67653,5
2745710,72543613132232,11,solver_cli,70714,70714,5
2745710,72543613132232,11,gcc_reference,72987,72987,6
2745734,72543613133222,11,solver_cli,71104,71104,6
2745734,72543613133222,11,gcc_reference,73275,73275,6
2745742,72543611221223,11,solver_cli,68863,68863,7
2745742,72543611221223,11,gcc_reference,70642,70642,6
2745760,72543613221221,11,solver_cli,73328,73328,7
2745760,72543613221221,11,gcc_reference,75375,75375,5
2745796,72543611223221,11,solver_cli,73088,73088,6
2745796,72543611223221,11,gcc_reference,75006,75006,6
2746054,72543613223312,11,solver_cli,71428,71428,6
2746054,72543613223312,11,gcc_reference,73613,73613,4
2746070,72543611331332,11,solver_cli,73714,73714,7
2746070,72543611331332,11,gcc_reference,75736,75736,6
2746079,72543612331331,11,solver_cli,68051,68051,10
2746079,72543612331331,11,gcc_reference,69950,69950,5
2746097,72543611332331,11,solver_cli,72346,72346,6
2746097,72543611332331,11,gcc_reference,74328,74328,7
2746108,72543613322312,11,solver_cli,71070,71070,6
2746108,72543613322312,11,gcc_reference,73282,73282,5
2746144,72143651121113,11,solver_cli,65482,65482,6
2746144,72143651121113,11,gcc_reference,67947,67947,4
2746145,72143651131112,11,solver_cli,63902,63902,6
2746145,72143651131112,11,gcc_reference,66384,66384,5
2746278,72143651213111,11,solver_cli,63895,63895,5
2746278,72143651213111,11,gcc_reference,66231,66231,5
2746332,72143651312111,11,solver_cli,64220,64220,4
2746332,72143651312111,11,gcc_reference,66500,66500,4
2746404,72143653111211,11,solver_cli,65173,65173,5
2746404,72143653111211,11,gcc_reference,67480,67480,5
2746638,72143652111311,11,solver_cli,68874,68874,5
2746638,72143652111311,11,gcc_reference,71385,71385,6
2748200,52713461232323,11,solver_cli,66286,66286,5
2748200,52713461232323,11,gcc_reference,68642,68642,4
2751714,42613572313211,11,solver_cli,64753,64753,5
2751714,42613572313211,11,gcc_reference,66924,66924,4
2763509,72513641232323,11,solver_cli,65362,65362,4
2763509,72513641232323,11,gcc_reference,67760,67760,5
2763536,72513641233322,11,solver_cli,69800,69800,5
2763536,72513641233322,11,gcc_reference,72136,72136,4
2764398,52163471112122,11,solver_cli,68541,68541,6
2764398,52163471112122,11,gcc_reference,70658,70658,5
2764503,52163471213111,11,solver_cli,64553,64553,4
2764503,52163471213111,11,gcc_reference,66879,66879,5
2764557,52163471312111,11,solver_cli,65050,65050,4
2764557,52163471312111,11,gcc_reference,67390,67390,5
2764589,52163471333123,11,solver_cli,64925,64925,5
2764589,52163471333123,11,gcc_reference,67472,67472,5
2764625,52163472131222,11,solver_cli,63172,63172,7
2764625,52163472131222,11,gcc_reference,65362,65362,6
2764629,52163473111211,11,solver_cli,66924,66924,5
2764629,52163473111211,11,gcc_reference,69194,69194,5
2764863,52163472111311,11,solver_cli,66080,66080,5
2764863,52163472111311,11,gcc_reference,68284,68284,4
2764878,52163473111331,11,solver_cli,66936,66936,5
2764878,52163473111331,11,gcc_reference,68661,68661,4
2764957,52163473221323,11,solver_cli,69586,69586,6
2764957,52163473221323,11,gcc_reference,71352,71352,4
2765095,52163473323332,11,solver_cli,70504,70504,4
2765095,52163473323332,11,gcc_reference,72464,72464,4
2765224,52763413222112,11,solver_cli,69397,69397,5
2765224,52763413222112,11,gcc_reference,71567,71567,4
2765318,52763411333123,11,solver_cli,68167,68167,5
2765318,52763411333123,11,gcc_reference,70306,70306,7
2765692,52763411222312,11,solver_cli,73519,73519,5
2765692,52763411222312,11,gcc_reference,75631,75631,5
2765737,52763413223312,11,solver_cli,71157,71157,6
2765737,52763413223312,11,gcc_reference,73443,73443,4
2765791,52763413322312,11,solver_cli,70568,70568,6
2765791,52763413322312,11,gcc_reference,72780,72780,6
2766444,52463173212332,11,solver_cli,69359,69359,6
2766444,52463173212332,11,gcc_reference,71813,71813,6
2767174,52763143222331,11,solver_cli,65291,65291,4
2767174,52763143222331,11,gcc_reference,67622,67622,5
2767902,52463713212332,11,solver_cli,64897,64897,4
2767902,52463713212332,11,gcc_reference,67388,67388,4
2772631,42163751121212,11,solver_cli,67591,67591,5
2772631,42163751121212,11,gcc_reference,69899,69899,6
2774828,12563472131213,11,solver_cli,65511,65511,5
2774828,12563472131213,11,gcc_reference,68077,68077,4
2774837,12563473131212,11,solver_cli,65129,65129,4
2774837,12563473131212,11,gcc_reference,67486,67486,5
2775751,12763452322232,11,solver_cli,66276,66276,5
2775751,12763452322232,11,gcc_reference,68783,68783,4
2777093,12463751231231,11,solver_cli,67405,67405,5
2777093,12463751231231,11,gcc_reference,69967,69967,4
2778959,72563412131111,11,solver_cli,65387,65387,6
2778959,72563412131111,11,gcc_reference,67497,67497,6
2778967,72563413121111,11,solver_cli,65123,65123,5
2778967,72563413121111,11,gcc_reference,67285,67285,4
2778981,72563411112131,11,solver_cli,63163,63163,4
2778981,72563411112131,11,gcc_reference,65565,65565,8
2779005,72563411113121,11,solver_cli,67192,67192,8
2779005,72563411113121,11,gcc_reference,69578,69578,9
2779191,72563411111213,11,solver_cli,66237,66237,6
2779191,72563411111213,11,gcc_reference,68494,68494,5
2779434,72563411111312,11,solver_cli,67675,67675,4
2779434,72563411111312,11,gcc_reference,70097,70097,5
2779939,72163453121213,11,solver_cli,66223,66223,5
2779939,72163453121213,11,gcc_reference,68881,68881,4
2779940,72163453131212,11,solver_cli,64961,64961,5
2779940,72163453131212,11,gcc_reference,67419,67419,4
2779960,72163452122222,11,solver_cli,65732,65732,5
2779960,72163452122222,11,gcc_reference,68177,68177,5
2780243,72163453133333,11,solver_cli,65968,65968,6
2780243,72163453133333,11,gcc_reference,68566,68566,4
2780351,72163453331333,11,solver_cli,63193,63193,6
2780351,72163453331333,11,gcc_reference,65554,65554,4
2782724,52673413232123,11,solver_cli,65206,65206,5
2782724,52673413232123,11,gcc_reference,67306,67306,6
2787092,42673512232133,11,solver_cli,67961,67961,6
2787092,42673512232133,11,gcc_reference,70054,70054,5
2789611,42573613322231,11,solver_cli,69780,69780,5
2789611,42573613322231,11,gcc_reference,72138,72138,7
2789629,42573612323231,11,solver_cli,64474,64474,8
2789629,42573612323231,11,gcc_reference,67006,67006,5
2790644,12473561132123,11,solver_cli,67960,67960,5
2790644,12473561132123,11,gcc_reference,70030,70030,6
2791520,12673542331133,11,solver_cli,68212,68212,5
2791520,12673542331133,11,gcc_reference,70104,70104,7
2795849,62173543232132,11,solver_cli,67071,67071,8
2795849,62173543232132,11,gcc_reference,69367,69367,4
2801239,24153672321233,11,solver_cli,66924,66924,4
2801239,24153672321233,11,gcc_reference,69544,69544,5
2804545,14753261221112,11,solver_cli,68226,68226,6
2804545,14753261221112,11,gcc_reference,70760,70760,8
2804680,14753261323112,11,solver_cli,68095,68095,6
2804680,14753261323112,11,gcc_reference,70293,70293,5
2804681,14753261333111,11,solver_cli,67715,67715,8
2804681,14753261333111,11,gcc_reference,70240,70240,5
2813531,74653213133222,11,solver_cli,67724,67724,7
2813531,74653213133222,11,gcc_reference,70040,70040,5
2818958,54123673233323,11,solver_cli,65925,65925,5
2818958,54123673233323,11,gcc_reference,68505,68505,5
2819380,54723612221222,11,solver_cli,63610,63610,5
2819380,54723612221222,11,gcc_reference,65913,65913,6
2819404,54723612222212,11,solver_cli,65792,65792,5
2819404,54723612222212,11,gcc_reference,68397,68397,5
2819540,54723612131312,11,solver_cli,66317,66317,5
2819540,54723612131312,11,gcc_reference,68957,68957,5
2819548,54723613121312,11,solver_cli,65534,65534,7
2819548,54723613121312,11,gcc_reference,67927,67927,5
2819765,54723613333313,11,solver_cli,65391,65391,7
2819765,54723613333313,11,gcc_reference,67893,67893,4
2823184,14523672121313,11,solver_cli,65480,65480,7
2823184,14523672121313,11,gcc_reference,68029,68029,5
2823193,14523673121312,11,solver_cli,65027,65027,6
2823193,14523673121312,11,gcc_reference,67397,67397,4
2823450,14723651112131,11,solver_cli,64189,64189,5
2823450,14723651112131,11,gcc_reference,66575,66575,4
2823474,14723651113121,11,solver_cli,64643,64643,6
2823474,14723651113121,11,gcc_reference,67039,67039,5
2823619,14723652322121,11,solver_cli,64587,64587,5
2823619,14723652322121,11,gcc_reference,67162,67162,7
2823651,14723653313111,11,solver_cli,68438,68438,7
2823651,14723653313111,11,gcc_reference,70566,70566,6
2823660,14723651111213,11,solver_cli,66635,66635,5
2823660,14723651111213,11,gcc_reference,68742,68742,5
2823741,14723651211212,11,solver_cli,67334,67334,5
2823741,14723651211212,11,gcc_reference,68987,68987,6
2823791,14723653232222,11,solver_cli,70204,70204,6
2823791,14723653232222,11,gcc_reference,72212,72212,5
2823839,14723652331232,11,solver_cli,69788,69788,5
2823839,14723652331232,11,gcc_reference,71553,71553,6
2823903,14723651111312,11,solver_cli,67488,67488,8
2823903,14723651111312,11,gcc_reference,69668,69668,8
2824084,14723653321313,11,solver_cli,63356,63356,8
2824084,14723653321313,11,gcc_reference,65516,65516,5
2830459,74123563323221,11,solver_cli,68010,68010,8
2830459,74123563323221,11,gcc_reference,70377,70377,7
2832895,74523611121113,11,solver_cli,64303,64303,7
2832895,74523611121113,11,gcc_reference,66571,66571,5
2832896,74523611131112,11,solver_cli,64541,64541,8
2832896,74523611131112,11,gcc_reference,66778,66778,8
2833029,74523611213111,11,solver_cli,62967,62967,7
2833029,74523611213111,11,gcc_reference,65402,65402,6
2833083,74523611312111,11,solver_cli,66500,66500,8
2833083,74523611312111,11,gcc_reference,68979,68979,7
2833155,74523613111211,11,solver_cli,68183,68183,9
2833155,74523613111211,11,gcc_reference,70537,70537,8
2833389,74523612111311,11,solver_cli,66651,66651,9
2833389,74523612111311,11,gcc_reference,68840,68840,6
2833703,74123653133132,11,solver_cli,69394,69394,8
2833703,74123653133132,11,gcc_reference,71577,71577,5
2833825,74123652322121,11,solver_cli,68256,68256,5
2833825,74123652322121,11,gcc_reference,70389,70389,8
2833919,74123653132232,11,solver_cli,72126,72126,7
2833919,74123653132232,11,gcc_reference,74267,74267,8
2833943,74123653133222,11,solver_cli,70073,70073,5
2833943,74123653133222,11,gcc_reference,72343,72343,6
2833946,74123653133231,11,solver_cli,72709,72709,7
2833946,74123653133231,11,gcc_reference,74957,74957,7
2845332,64713253112111,11,solver_cli,63638,63638,6
2845332,64713253112111,11,gcc_reference,66325,66325,4
2849197,74513263121222,11,solver_cli,65065,65065,5
2849197,74513263121222,11,gcc_reference,67542,67542,6
2851351,74213652323132,11,solver_cli,64599,64599,5
2851351,74213652323132,11,gcc_reference,66781,66781,8
2851994,54163272233111,11,solver_cli,66835,66835,5
2851994,54163272233111,11,gcc_reference,69406,69406,4
2852150,54163271133221,11,solver_cli,64952,64952,5
2852150,54163271133221,11,gcc_reference,67654,67654,5
2853025,54763212322232,11,solver_cli,67479,67479,4
2853025,54763212322232,11,gcc_reference,69765,69765,4
2858409,24763151111111,11,solver_cli,66425,66425,6
2858409,24763151111111,11,gcc_reference,68761,68761,5
2859382,24563711121212,11,solver_cli,66725,66725,4
2859382,24563711121212,11,gcc_reference,68660,68660,6
2859397,24563712121232,11,solver_cli,67462,67462,5
2859397,24563712121232,11,gcc_reference,69721,69721,6
2859403,24563713121222,11,solver_cli,68024,68024,6
2859403,24563713121222,11,gcc_reference,70170,70170,6
2861622,14763521113211,11,solver_cli,65608,65608,5
2861622,14763521113211,11,gcc_reference,67946,67946,5
2861625,14763521113223,11,solver_cli,67610,67610,6
2861625,14763521113223,11,gcc_reference,69912,69912,5
2861944,14763523222331,11,solver_cli,67937,67937,5
2861944,14763523222331,11,gcc_reference,70369,70369,10
2862526,14563272323222,11,solver_cli,67266,67266,6
2862526,14563272323222,11,gcc_reference,69550,69550,4
2862863,14763253133132,11,solver_cli,69511,69511,6
2862863,14763253133132,11,gcc_reference,71395,71395,6
2862910,14763253222112,11,solver_cli,69745,69745,5
2862910,14763253222112,11,gcc_reference,71746,71746,4
2862985,14763252322121,11,solver_cli,70578,70578,7
2862985,14763252322121,11,gcc_reference,72271,72271,8
2863004,14763251333123,11,solver_cli,70944,70944,8
2863004,14763251333123,11,gcc_reference,73199,73199,8
2863079,14763253132232,11,solver_cli,67986,67986,8
2863079,14763253132232,11,gcc_reference,69688,69688,7
2863103,14763253133222,11,solver_cli,73340,73340,5
2863103,14763253133222,11,gcc_reference,75240,75240,9
2863106,14763253133231,11,solver_cli,71679,71679,9
2863106,14763253133231,11,gcc_reference,73792,73792,9
2863111,14763251221223,11,solver_cli,70395,70395,8
2863111,14763251221223,11,gcc_reference,72524,72524,5
2863129,14763253221221,11,solver_cli,72971,72971,4
2863129,14763253221221,11,gcc_reference,75085,75085,5
2863378,14763251222312,11,solver_cli,69427,69427,6
2863378,14763251222312,11,gcc_reference,71492,71492,7
2863466,14763251332331,11,solver_cli,68747,68747,7
2863466,14763251332331,11,gcc_reference,70917,70917,4
2864246,14263751131121,11,solver_cli,64766,64766,4
2864246,14263751131121,11,gcc_reference,67387,67387,4
2867030,74563211232332,11,solver_cli,64647,64647,5
2867030,74563211232332,11,gcc_reference,67277,67277,6
2867161,74163251121122,11,solver_cli,66537,66537,7
2867161,74163251121122,11,gcc_reference,68553,68553,5
2867168,74163252131111,11,solver_cli,64034,64034,4
2867168,74163252131111,11,gcc_reference,66433,66433,4
2867176,74163253121111,11,solver_cli,65582,65582,5
2867176,74163253121111,11,gcc_reference,68038,68038,5
2867237,74163253133132,11,solver_cli,65083,65083,6
2867237,74163253133132,11,gcc_reference,67710,67710,6
2867436,74163252112211,11,solver_cli,68569,68569,5
2867436,74163252112211,11,gcc_reference,70677,70677,8
2867474,74163253133213,11,solver_cli,67953,67953,4
2867474,74163253133213,11,gcc_reference,70280,70280,4
2867480,74163253133231,11,solver_cli,65169,65169,6
2867480,74163253133231,11,gcc_reference,67776,67776,6
2867669,74163253131332,11,solver_cli,64070,64070,6
2867669,74163253131332,11,gcc_reference,66326,66326,4
2867855,74163253332323,11,solver_cli,65371,65371,5
2867855,74163253332323,11,gcc_reference,67586,67586,7
2877838,24173652323231,11,solver_cli,66477,66477,7
2877838,24173652323231,11,gcc_reference,68800,68800,5
2879768,14573261333111,11,solver_cli,71464,71464,5
2879768,14573261333111,11,gcc_reference,73086,73086,6
2880279,14673251111111,11,solver_cli,67032,67032,7
2880279,14673251111111,11,gcc_reference,69452,69452,8
2899233,61453721111111,11,solver_cli,64587,64587,8
2899233,61453721111111,11,gcc_reference,66769,66769,7
2899254,61453723111121,11,solver_cli,65952,65952,8
2899254,61453723111121,11,gcc_reference,68415,68415,8
2899395,61453721311112,11,solver_cli,65796,65796,9
2899395,61453721311112,11,gcc_reference,68307,68307,10
2900326,71453262222221,11,solver_cli,65724,65724,9
2900326,71453262222221,11,gcc_reference,68025,68025,9
2903790,71453623311122,11,solver_cli,66398,66398,7
2903790,71453623311122,11,gcc_reference,68654,68654,10
2904499,51623471321111,11,solver_cli,64250,64250,9
2904499,51623471321111,11,gcc_reference,66942,66942,4
2906368,51423671221331,11,solver_cli,67153,67153,6
2906368,51423671221331,11,gcc_reference,69739,69739,7
2907029,51723643131311,11,solver_cli,67027,67027,7
2907029,51723643131311,11,gcc_reference,69378,69378,6
2908704,51623743313321,11,solver_cli,66160,66160,8
2908704,51623743313321,11,gcc_reference,68534,68534,4
2909907,41723562313211,11,solver_cli,68078,68078,11
2909907,41723562313211,11,gcc_reference,70262,70262,12
2917860,71423563213232,11,solver_cli,66757,66757,11
2917860,71423563213232,11,gcc_reference,69124,69124,11
2919422,71523463131311,11,solver_cli,66949,66949,11
2919422,71523463131311,11,gcc_reference,68889,68889,4
2919503,71523463231313,11,solver_cli,67515,67515,7
2919503,71523463231313,11,gcc_reference,69762,69762,7
2919584,71523463331312,11,solver_cli,68256,68256,7
2919584,71523463331312,11,gcc_reference,70379,70379,5
2921505,71423653213232,11,solver_cli,64968,64968,7
2921505,71423653213232,11,gcc_reference,67451,67451,9
2932038,61543271111111,11,solver_cli,71382,71382,9
2932038,61543271111111,11,gcc_reference,72890,72890,8
2932551,61543271112311,11,solver_cli,69508,69508,9
2932551,61543271112311,11,gcc_reference,71758,71758,9
2936108,71643523331213,11,solver_cli,65107,65107,8
2936108,71643523331213,11,gcc_reference,67335,67335,8
2937476,71643252231212,11,solver_cli,63534,63534,8
2937476,71643252231212,11,gcc_reference,65843,65843,7
2937885,71543622111131,11,solver_cli,67380,67380,8
2937885,71543622111131,11,gcc_reference,69706,69706,8
2937891,71543623111121,11,solver_cli,69021,69021,9
2937891,71543623111121,11,gcc_reference,71285,71285,6
2950092,41563273113311,11,solver_cli,68401,68401,5
2950092,41563273113311,11,gcc_reference,71001,71001,7
2952156,41263751312222,11,solver_cli,67040,67040,7
2952156,41263751312222,11,gcc_reference,69303,69303,7
2952679,71263542323123,11,solver_cli,68333,68333,8
2952679,71263542323123,11,gcc_reference,70640,70640,6
2952914,71263541333222,11,solver_cli,67566,67566,5
2952914,71263541333222,11,gcc_reference,69799,69799,5
2953607,71463523331222,11,solver_cli,71291,71291,5
2953607,71463523331222,11,gcc_reference,73297,73297,4
2954254,71563243221221,11,solver_cli,65772,65772,5
2954254,71563243221221,11,gcc_reference,68097,68097,4
2961866,21473563331312,11,solver_cli,67319,67319,4
2961866,21473563331312,11,gcc_reference,69634,69634,5
2966301,41673521111111,11,solver_cli,66096,66096,5
2966301,41673521111111,11,gcc_reference,68470,68470,4
2968122,41673252212222,11,solver_cli,65411,65411,6
2968122,41673252212222,11,gcc_reference,67747,67747,7
2974346,26153473131131,11,solver_cli,68358,68358,6
2974346,26153473131131,11,gcc_reference,70887,70887,5
2974351,26153471122121,11,solver_cli,68309,68309,5
2974351,26153471122121,11,gcc_reference,70754,70754,8
2974370,26153473132121,11,solver_cli,68450,68450,8
2974370,26153473132121,11,gcc_reference,70624,70624,8
2975874,26453172211133,11,solver_cli,68582,68582,9
2975874,26453172211133,11,gcc_reference,70887,70887,7
2977946,26453711333333,11,solver_cli,65944,65944,8
2977946,26453711333333,11,gcc_reference,68228,68228,8
2978720,46153273131131,11,solver_cli,69651,69651,8
2978720,46153273131131,11,gcc_reference,71061,71061,7
2983068,16453271111111,11,solver_cli,67716,67716,8
2983068,16453271111111,11,gcc_reference,69800,69800,9
2983083,16453272111131,11,solver_cli,65069,65069,8
2983083,16453272111131,11,gcc_reference,67381,67381,7
2983149,16453271211113,11,solver_cli,64609,64609,8
2983149,16453271211113,11,gcc_reference,66995,66995,8
2983879,16753241221112,11,solver_cli,69475,69475,8
2983879,16753241221112,11,gcc_reference,70903,70903,8
2989594,76253413322312,11,solver_cli,67991,67991,5
2989594,76253413322312,11,gcc_reference,70285,70285,8
2990419,76253141123132,11,solver_cli,68253,68253,6
2990419,76253141123132,11,gcc_reference,70362,70362,8
2990931,76253141211332,11,solver_cli,68191,68191,5
2990931,76253141211332,11,gcc_reference,70510,70510,8
2991896,56123473133132,11,solver_cli,69220,69220,8
2991896,56123473133132,11,gcc_reference,71315,71315,8
2991943,56123473222112,11,solver_cli,68505,68505,7
2991943,56123473222112,11,gcc_reference,70512,70512,8
2992018,56123472322121,11,solver_cli,70363,70363,4
2992018,56123472322121,11,gcc_reference,72673,72673,5
2992037,56123471333123,11,solver_cli,69557,69557,5
2992037,56123471333123,11,gcc_reference,71388,71388,5
2992139,56123473133231,11,solver_cli,69521,69521,7
2992139,56123473133231,11,gcc_reference,71572,71572,8
2992198,56123471223221,11,solver_cli,68742,68742,5
2992198,56123471223221,11,gcc_reference,70930,70930,5
2992411,56123471222312,11,solver_cli,72681,72681,5
2992411,56123471222312,11,gcc_reference,74688,74688,7
2992456,56123473223312,11,solver_cli,68588,68588,6
2992456,56123473223312,11,gcc_reference,70215,70215,5
2992472,56123471331332,11,solver_cli,72622,72622,6
2992472,56123471331332,11,gcc_reference,74810,74810,6
2992481,56123472331331,11,solver_cli,69813,69813,5
2992481,56123472331331,11,gcc_reference,72022,72022,5
2992510,56123473322312,11,solver_cli,72656,72656,6
2992510,56123473322312,11,gcc_reference,74634,74634,5
2992546,56723411121113,11,solver_cli,64670,64670,5
2992546,56723411121113,11,gcc_reference,66965,66965,4
2992547,56723411131112,11,solver_cli,66251,66251,4
2992547,56723411131112,11,gcc_reference,68596,68596,5
2992672,56723413222112,11,solver_cli,64974,64974,6
2992672,56723413222112,11,gcc_reference,67616,67616,5
2992727,56723413331111,11,solver_cli,66771,66771,5
2992727,56723413331111,11,gcc_reference,68746,68746,4
2992888,56723413221212,11,solver_cli,64149,64149,6
2992888,56723413221212,11,gcc_reference,66394,66394,8
2993017,56723412323222,11,solver_cli,65670,65670,5
2993017,56723412323222,11,gcc_reference,67822,67822,4
2993068,56723412122312,11,solver_cli,67432,67432,5
2993068,56723412122312,11,gcc_reference,69845,69845,5
2993085,56723411113313,11,solver_cli,68328,68328,6
2993085,56723411113313,11,gcc_reference,70456,70456,4
2993140,56723411222312,11,solver_cli,64908,64908,5
2993140,56723411222312,11,gcc_reference,67558,67558,5
2993313,56423172112121,11,solver_cli,65344,65344,6
2993313,56423172112121,11,gcc_reference,67843,67843,5
2993324,56423173132121,11,solver_cli,70630,70630,5
2993324,56423173132121,11,gcc_reference,72662,72662,7
2993348,56423173133111,11,solver_cli,66143,66143,5
2993348,56423173133111,11,gcc_reference,68505,68505,8
2993606,56423171231231,11,solver_cli,64003,64003,7
2993606,56423171231231,11,gcc_reference,66424,66424,6
2993846,56423171231321,11,solver_cli,66647,66647,6
2993846,56423171231321,11,gcc_reference,68918,68918,4
2993926,56423171321321,11,solver_cli,61951,61951,4
2993926,56423171321321,11,gcc_reference,64136,64136,7
2996190,46123571111111,11,solver_cli,68319,68319,5
2996190,46123571111111,11,gcc_reference,70641,70641,6
2996321,46123573232123,11,solver_cli,67251,67251,7
2996321,46123573232123,11,gcc_reference,69399,69399,6
2999762,46523711331332,11,solver_cli,66276,66276,5
2999762,46523711331332,11,gcc_reference,68537,68537,5
3000603,16423572112121,11,solver_cli,72466,72466,8
3000603,16423572112121,11,gcc_reference,74034,74034,8
3002720,16523473332323,11,solver_cli,66994,66994,8
3002720,16523473332323,11,gcc_reference,69331,69331,6
3002785,16723451122133,11,solver_cli,66467,66467,9
3002785,16723451122133,11,gcc_reference,69096,69096,9
3003427,16723451322311,11,solver_cli,64585,64585,6
3003427,16723451322311,11,gcc_reference,67327,67327,9
3003750,16523741112212,11,solver_cli,68246,68246,9
3003750,16523741112212,11,gcc_reference,70879,70879,8
3006799,76523413223231,11,solver_cli,64316,64316,9
3006799,76523413223231,11,gcc_reference,66990,66990,5
3007769,76123453233323,11,solver_cli,66942,66942,8
3007769,76123453233323,11,gcc_reference,69304,69304,8
3010010,56143273332323,11,solver_cli,66849,66849,8
3010010,56143273332323,11,gcc_reference,69318,69318,8
3010303,56743213121213,11,solver_cli,68450,68450,8
3010303,56743213121213,11,gcc_reference,70868,70868,4
3010324,56743212122222,11,solver_cli,63877,63877,7
3010324,56743212122222,11,gcc_reference,66478,66478,7
3010378,56743212221222,11,solver_cli,67691,67691,6
3010378,56743212221222,11,gcc_reference,70137,70137,8
3010546,56743213121312,11,solver_cli,63148,63148,7
3010546,56743213121312,11,gcc_reference,65571,65571,6
3010715,56743213331333,11,solver_cli,63576,63576,8
3010715,56743213331333,11,gcc_reference,66051,66051,7
3010844,56243173133111,11,solver_cli,73006,73006,8
3010844,56243173133111,11,gcc_reference,74578,74578,8
3012739,56243713121333,11,solver_cli,62894,62894,5
3012739,56243713121333,11,gcc_reference,65285,65285,7
3014674,26743512121232,11,solver_cli,65015,65015,5
3014674,26743512121232,11,gcc_reference,67498,67498,7
3015144,26543171111111,11,solver_cli,66073,66073,7
3015144,26543171111111,11,gcc_reference,68037,68037,7
3015199,26543171123111,11,solver_cli,65430,65430,8
3015199,26543171123111,11,gcc_reference,67673,67673,7
3018095,16243571132132,11,solver_cli,68593,68593,4
3018095,16243571132132,11,gcc_reference,70904,70904,7
3018392,16243571231231,11,solver_cli,66454,66454,7
3018392,16243571231231,11,gcc_reference,68787,68787,7
3018712,16243571321321,11,solver_cli,65930,65930,7
3018712,16243571321321,11,gcc_reference,68249,68249,8
3019846,16543271221223,11,solver_cli,69143,69143,7
3019846,16543271221223,11,gcc_reference,71331,71331,11
3019864,16543273221221,11,solver_cli,68692,68692,9
3019864,16543273221221,11,gcc_reference,70759,70759,10
3019900,16543271223221,11,solver_cli,71067,71067,13
3019900,16543271223221,11,gcc_reference,73348,73348,13
3020174,16543271331332,11,solver_cli,68205,68205,9
3020174,16543271331332,11,gcc_reference,70327,70327,5
3020183,16543272331331,11,solver_cli,69783,69783,9
3020183,16543272331331,11,gcc_reference,71884,71884,8
3020201,16543271332331,11,solver_cli,70538,70538,8
3020201,16543271332331,11,gcc_reference,72896,72896,9
3020719,16743252323222,11,solver_cli,65839,65839,9
3020719,16743252323222,11,gcc_reference,68425,68425,5
3020976,16543721111111,11,solver_cli,71557,71557,6
3020976,16543721111111,11,gcc_reference,73055,73055,6
3021273,16543721113211,11,solver_cli,69573,69573,7
3021273,16543721113211,11,gcc_reference,71819,71819,7
3023892,76543211111111,11,solver_cli,66806,66806,6
3023892,76543211111111,11,gcc_reference,69038,69038,5
3023970,76543213113131,11,solver_cli,71462,71462,7
3023970,76543213113131,11,gcc_reference,73375,73375,8
3024000,76543211212112,11,solver_cli,71077,71077,8
3024000,76543211212112,11,gcc_reference,73022,73022,8
3024256,76543212222221,11,solver_cli,67081,67081,5
3024256,76543212222221,11,gcc_reference,69543,69543,4
3024274,76543211223221,11,solver_cli,64577,64577,5
3024274,76543211223221,11,gcc_reference,67147,67147,5
3024361,76543212323213,11,solver_cli,69993,69993,9
3024361,76543212323213,11,gcc_reference,72264,72264,6
3024419,76543212132323,11,solver_cli,70558,70558,7
3024419,76543212132323,11,gcc_reference,72740,72740,8
3024575,76543211332331,11,solver_cli,65140,65140,4
3024575,76543211332331,11,gcc_reference,67646,67646,8
3024602,76543211333333,11,solver_cli,67588,67588,8
3024602,76543211333333,11,gcc_reference,69964,69964,8
3024884,76143253131212,11,solver_cli,63136,63136,7
3024884,76143253131212,11,gcc_reference,65574,65574,7
3024958,76143252221222,11,solver_cli,62914,62914,5
3024958,76143252221222,11,gcc_reference,65495,65495,6
3025118,76143252131312,11,solver_cli,68130,68130,5
3025118,76143252131312,11,gcc_reference,70624,70624,6
3025295,76143253331333,11,solver_cli,67040,67040,5
3025295,76143253331333,11,gcc_reference,69583,69583,7
3025343,76143253333313,11,solver_cli,64043,64043,6
3025343,76143253333313,11,gcc_reference,66647,66647,9
3028266,56213471111111,11,solver_cli,67462,67462,8
3028266,56213471111111,11,gcc_reference,69828,69828,9
3030450,56213743313333,11,solver_cli,64350,64350,8
3030450,56213743313333,11,gcc_reference,66465,66465,7
3032671,26513471122121,11,solver_cli,71030,71030,9
3032671,26513471122121,11,gcc_reference,72692,72692,5
3037214,46513272332111,11,solver_cli,69049,69049,8
3037214,46513272332111,11,gcc_reference,71469,71469,8
3037332,46513273113221,11,solver_cli,69054,69054,6
3037332,46513273113221,11,gcc_reference,71287,71287,8
3040089,76213543213133,11,solver_cli,69389,69389,5
3040089,76213543213133,11,gcc_reference,71195,71195,4
3040602,76213543311332,11,solver_cli,70247,70247,5
3040602,76213543311332,11,gcc_reference,72115,72115,6
3046545,56173421113112,11,solver_cli,63697,63697,7
3046545,56173421113112,11,gcc_reference,66398,66398,7
3050804,26573413331312,11,solver_cli,65019,65019,7
3050804,26573413331312,11,gcc_reference,67513,67513,5
3053395,46273513221212,11,solver_cli,65940,65940,8
3053395,46273513221212,11,gcc_reference,68321,68321,5
3053575,46273512122312,11,solver_cli,65967,65967,7
3053575,46273512122312,11,gcc_reference,68344,68344,8
3057460,16273541122133,11,solver_cli,64851,64851,7
3057460,16273541122133,11,gcc_reference,67246,67246,7
3058078,16273541321321,11,solver_cli,65744,65744,7
3058078,16273541321321,11,gcc_reference,68052,68052,12
3058942,16573241123123,11,solver_cli,69460,69460,13
3058942,16573241123123,11,gcc_reference,71813,71813,12
3059559,16573241312312,11,solver_cli,69135,69135,10
3059559,16573241312312,11,gcc_reference,71344,71344,12
3063287,27453161132111,11,solver_cli,71224,71224,9
3063287,27453161132111,11,gcc_reference,73537,73537,8
3063313,27453161123111,11,solver_cli,71018,71018,9
3063313,27453161123111,11,gcc_reference,73359,73359,9
3067031,47653213232111,11,solver_cli,67363,67363,9
3067031,47653213232111,11,gcc_reference,69603,69603,9
3067251,47653213211231,11,solver_cli,68136,68136,6
3067251,47653213211231,11,gcc_reference,70469,70469,7
3070644,17453262211133,11,solver_cli,68409,68409,8
3070644,17453262211133,11,gcc_reference,70748,70748,7
3079296,57123461111111,11,solver_cli,66001,66001,8
3079296,57123461111111,11,gcc_reference,68389,68389,8
3083795,47123562232133,11,solver_cli,67989,67989,8
3083795,47123562232133,11,gcc_reference,70099,70099,5
3087701,47123651233232,11,solver_cli,64981,64981,8
3087701,47123651233232,11,gcc_reference,67359,67359,8
3092091,17423653213232,11,solver_cli,69471,69471,9
3092091,17423653213232,11,gcc_reference,71906,71906,9
3102324,27643513311233,11,solver_cli,64727,64727,4
3102324,27643513311233,11,gcc_reference,66944,66944,7
3104085,27543611111123,11,solver_cli,65056,65056,7
3104085,27543611111123,11,gcc_reference,67632,67632,7
3104088,27543611111132,11,solver_cli,63754,63754,6
3104088,27543611111132,11,gcc_reference,66330,66330,4
3106998,17543261111111,11,solver_cli,65168,65168,4
3106998,17543261111111,11,gcc_reference,67255,67255,4
3107027,17543261132111,11,solver_cli,65453,65453,6
3107027,17543261132111,11,gcc_reference,67714,67714,7
3107755,17643251122112,11,solver_cli,73166,73166,7
3107755,17643251122112,11,gcc_reference,74729,74729,5
3119633,27613543333133,11,solver_cli,67802,67802,5
3119633,27613543333133,11,gcc_reference,70170,70170,4
3141518,47163522131222,11,solver_cli,65602,65602,6
3141518,47163522131222,11,gcc_reference,67942,67942,7
3147121,17463251122112,11,solver_cli,65863,65863,7
3147121,17463251122112,11,gcc_reference,68272,68272,7
3147309,17463251313113,11,solver_cli,65139,65139,5
3147309,17463251313113,11,gcc_reference,67646,67646,4
3147310,17463251323112,11,solver_cli,70383,70383,7
3147310,17463251323112,11,gcc_reference,72435,72435,5
3147503,17463251331221,11,solver_cli,61962,61962,8
3147503,17463251331221,11,gcc_reference,64134,64134,6
3147505,17463251321231,11,solver_cli,67191,67191,5
3147505,17463251321231,11,gcc_reference,69402,69402,5
3147667,17463251221331,11,solver_cli,64975,64975,8
3147667,17463251221331,11,gcc_reference,67278,67278,7
3152074,45327612222323,11,solver_cli,67480,67480,5
3152074,45327612222323,11,gcc_reference,70021,70021,8
3153790,15627431223113,11,solver_cli,67975,67975,8
3153790,15627431223113,11,gcc_reference,70557,70557,9
3153844,15627431322113,11,solver_cli,68691,68691,8
3153844,15627431322113,11,gcc_reference,70825,70825,9
3153845,15627431332112,11,solver_cli,68091,68091,9
3153845,15627431332112,11,gcc_reference,70567,70567,9
3163067,35127462331331,11,solver_cli,67807,67807,9
3163067,35127462331331,11,gcc_reference,70106,70106,6
3171552,15647233213232,11,solver_cli,67497,67497,7
3171552,15647233213232,11,gcc_reference,70031,70031,8
3179279,65147321232113,11,solver_cli,66436,66436,5
3179279,65147321232113,11,gcc_reference,68685,68685,8
3196775,65417321232113,11,solver_cli,66471,66471,9
3196775,65417321232113,11,gcc_reference,68882,68882,8
3196796,65417323232123,11,solver_cli,64825,64825,8
3196796,65417323232123,11,gcc_reference,66979,66979,8
3196822,65417323223123,11,solver_cli,66343,66343,7
3196822,65417323223123,11,gcc_reference,68780,68780,7
3200093,35617423131332,11,solver_cli,65817,65817,8
3200093,35617423131332,11,gcc_reference,68118,68118,8
3201190,35417622223133,11,solver_cli,66293,66293,8
3201190,35417622223133,11,gcc_reference,68569,68569,6
3202581,25367411211122,11,solver_cli,69337,69337,8
3202581,25367411211122,11,gcc_reference,70795,70795,8
3206877,45367211111132,11,solver_cli,68613,68613,8
3206877,45367211111132,11,gcc_reference,70755,70755,8
3206895,45367213111133,11,solver_cli,68070,68070,5
3206895,45367213111133,11,gcc_reference,70543,70543,7
3206955,45367211211122,11,solver_cli,67937,67937,7
3206955,45367211211122,11,gcc_reference,70526,70526,7
3208480,45367122223133,11,solver_cli,69141,69141,7
3208480,45367122223133,11,gcc_reference,71378,71378,8
3210244,45167323322231,11,solver_cli,65820,65820,5
3210244,45167323322231,11,gcc_reference,68110,68110,8
3212110,15267431223113,11,solver_cli,69438,69438,6
3212110,15267431223113,11,gcc_reference,70880,70880,7
3212784,15367421211113,11,solver_cli,67933,67933,8
3212784,15367421211113,11,gcc_reference,69991,69991,8
3212805,15367423211123,11,solver_cli,65425,65425,5
3212805,15367423211123,11,gcc_reference,67695,67695,8
3212839,15367421223113,11,solver_cli,65407,65407,5
3212839,15367421223113,11,gcc_reference,67684,67684,8
3215900,35167242132212,11,solver_cli,67476,67476,7
3215900,35167242132212,11,gcc_reference,69839,69839,8
3217975,35267141321132,11,solver_cli,68242,68242,8
3217975,35267141321132,11,gcc_reference,70352,70352,5
3218191,35267141223233,11,solver_cli,68020,68020,8
3218191,35267141223233,11,gcc_reference,70370,70370,7
3219264,25137461111111,11,solver_cli,68043,68043,8
3219264,25137461111111,11,gcc_reference,70186,70186,8
3219834,25137461211323,11,solver_cli,67860,67860,7
3219834,25137461211323,11,gcc_reference,70230,70230,5
3225875,45637123132121,11,solver_cli,71693,71693,6
3225875,45637123132121,11,gcc_reference,73942,73942,7
3226037,45637123332122,11,solver_cli,71730,71730,5
3226037,45637123332122,11,gcc_reference,73983,73983,8
3230301,15637423211123,11,solver_cli,68945,68945,6
3230301,15637423211123,11,gcc_reference,71221,71221,5
3238808,42157633231322,11,solver_cli,66121,66121,4
3238808,42157633231322,11,gcc_reference,68698,68698,4
3241953,12357462211112,11,solver_cli,69153,69153,7
3241953,12357462211112,11,gcc_reference,71371,71371,7
3242109,12357461111222,11,solver_cli,65887,65887,7
3242109,12357461111222,11,gcc_reference,68316,68316,4
3242409,12357461113331,11,solver_cli,65511,65511,6
3242409,12357461113331,11,gcc_reference,67902,67902,7
3243867,12357641113331,11,solver_cli,69445,69445,8
3243867,12357641113331,11,gcc_reference,71878,71878,5
3249434,62157342132212,11,solver_cli,64118,64118,7
3249434,62157342132212,11,gcc_reference,66462,66462,7
3250863,32657412111212,11,solver_cli,65672,65672,5
3250863,32657412111212,11,gcc_reference,68070,68070,7
3252331,32657143121213,11,solver_cli,65120,65120,8
3252331,32657143121213,11,gcc_reference,67296,67296,8
3254108,32157642231323,11,solver_cli,63745,63745,4
3254108,32157642231323,11,gcc_reference,66232,66232,8
3254126,32157641232323,11,solver_cli,68063,68063,9
3254126,32157641232323,11,gcc_reference,70333,70333,9
3255723,52147632111113,11,solver_cli,64784,64784,5
3255723,52147632111113,11,gcc_reference,67157,67157,9
3255732,52147633111112,11,solver_cli,64841,64841,9
3255732,52147633111112,11,gcc_reference,67388,67388,8
3255801,52147631211131,11,solver_cli,64305,64305,9
3255801,52147631211131,11,gcc_reference,66566,66566,5
3255879,52147631311121,11,solver_cli,63879,63879,5
3255879,52147631311121,11,gcc_reference,66222,66222,8
3255959,52147631131211,11,solver_cli,65078,65078,8
3255959,52147631131211,11,gcc_reference,67398,67398,8
3256201,52147631121311,11,solver_cli,68505,68505,8
3256201,52147631121311,11,gcc_reference,71080,71080,4
3259629,12347561112212,11,solver_cli,69717,69717,5
3259629,12347561112212,11,gcc_reference,72104,72104,8
3260817,12347651111111,11,solver_cli,65291,65291,8
3260817,12347651111111,11,gcc_reference,67683,67683,8
3260841,12347653111133,11,solver_cli,71806,71806,4
3260841,12347653111133,11,gcc_reference,73758,73758,4
3260845,12347651122112,11,solver_cli,71548,71548,5
3260845,12347651122112,11,gcc_reference,73539,73539,4
3261072,12347652111221,11,solver_cli,67788,67788,6
3261072,12347652111221,11,gcc_reference,69772,69772,6
3261110,12347653132223,11,solver_cli,72508,72508,4
3261110,12347653132223,11,gcc_reference,74554,74554,5
3261130,12347652123233,11,solver_cli,67242,67242,5
3261130,12347652123233,11,gcc_reference,69296,69296,8
3261211,12347652223232,11,solver_cli,65699,65699,4
3261211,12347652223232,11,gcc_reference,67856,67856,5
3261353,12347653132322,11,solver_cli,67196,67196,5
3261353,12347653132322,11,gcc_reference,69256,69256,6
3261359,12347651133311,11,solver_cli,68067,68067,4
3261359,12347651133311,11,gcc_reference,69998,69998,4
3261373,12347652123332,11,solver_cli,72761,72761,5
3261373,12347652123332,11,gcc_reference,74752,74752,5
3261515,12347653332323,11,solver_cli,65598,65598,5
3261515,12347653332323,11,gcc_reference,67782,67782,5
3266699,62147353132121,11,solver_cli,69309,69309,5
3266699,62147353132121,11,gcc_reference,71530,71530,4
3266725,62147353123121,11,solver_cli,67788,67788,5
3266725,62147353123121,11,gcc_reference,70067,70067,4
3267849,32147562313223,11,solver_cli,68173,68173,4
3267849,32147562313223,11,gcc_reference,70424,70424,4
3267854,32147562333233,11,solver_cli,63879,63879,5
3267854,32147562333233,11,gcc_reference,66327,66327,4
3268583,32647512333233,11,solver_cli,66016,66016,4
3268583,32647512333233,11,gcc_reference,68613,68613,4
3269615,32647153132121,11,solver_cli,65514,65514,6
3269615,32647153132121,11,gcc_reference,68023,68023,6
3269633,32647152133121,11,solver_cli,64042,64042,6
3269633,32647152133121,11,gcc_reference,66578,66578,6
3270295,32547611121113,11,solver_cli,65106,65106,4
3270295,32547611121113,11,gcc_reference,67615,67615,5
3270296,32547611131112,11,solver_cli,64796,64796,7
3270296,32547611131112,11,gcc_reference,67165,67165,6
3270429,32547611213111,11,solver_cli,63914,63914,6
3270429,32547611213111,11,gcc_reference,66255,66255,4
3270483,32547611312111,11,solver_cli,64257,64257,6
3270483,32547611312111,11,gcc_reference,66533,66533,9
3270555,32547613111211,11,solver_cli,68705,68705,8
3270555,32547613111211,11,gcc_reference,71232,71232,9
3270789,32547612111311,11,solver_cli,64947,64947,8
3270789,32547612111311,11,gcc_reference,67285,67285,8
3271298,32147651132222,11,solver_cli,73801,73801,8
3271298,32147651132222,11,gcc_reference,75808,75808,9
3271314,32147653112222,11,solver_cli,67548,67548,6
3271314,32147653112222,11,gcc_reference,69511,69511,7
3271412,32147652233213,11,solver_cli,71170,71170,8
3271412,32147652233213,11,gcc_reference,73383,73383,9
3271458,32147651312222,11,solver_cli,73002,73002,9
3271458,32147651312222,11,gcc_reference,74927,74927,5
3271466,32147652332213,11,solver_cli,71616,71616,7
3271466,32147652332213,11,gcc_reference,73749,73749,8
3271570,32147651123333,11,solver_cli,67737,67737,8
3271570,32147651123333,11,gcc_reference,69666,69666,8
3271578,32147652113333,11,solver_cli,73835,73835,8
3271578,32147652113333,11,gcc_reference,75835,75835,4
3271607,32147652231332,11,solver_cli,71672,71672,8
3271607,32147652231332,11,gcc_reference,73793,73793,8
3271650,32147651213333,11,solver_cli,72998,72998,8
3271650,32147651213333,11,gcc_reference,74933,74933,7
3271685,32147652331322,11,solver_cli,71005,71005,7
3271685,32147652331322,11,gcc_reference,73243,73243,6
3282732,62317453112111,11,solver_cli,71572,71572,8
3282732,62317453112111,11,gcc_reference,73062,73062,7
3283137,62317453312211,11,solver_cli,69089,69089,8
3283137,62317453312211,11,gcc_reference,71383,71383,8
3285426,32417562113321,11,solver_cli,64286,64286,7
3285426,32417562113321,11,gcc_reference,66600,66600,8
3286838,32517463131311,11,solver_cli,63216,63216,8
3286838,32517463131311,11,gcc_reference,65562,65562,8
3288563,32417652132131,11,solver_cli,69754,69754,6
3288563,32417652132131,11,gcc_reference,71882,71882,8
3288569,32417653132121,11,solver_cli,67894,67894,8
3288569,32417653132121,11,gcc_reference,70147,70147,8
3289502,52167432131213,11,solver_cli,62764,62764,5
3289502,52167432131213,11,gcc_reference,65243,65243,6
3289531,52167432122222,11,solver_cli,62670,62670,8
3289531,52167432122222,11,gcc_reference,65262,65262,5
3289744,52167432121313,11,solver_cli,67919,67919,6
3289744,52167432121313,11,gcc_reference,70420,70420,11
3289814,52167433133333,11,solver_cli,67302,67302,4
3289814,52167433133333,11,gcc_reference,69805,69805,7
3289922,52167433331333,11,solver_cli,64846,64846,7
3289922,52167433331333,11,gcc_reference,67331,67331,7
3290425,52367412322232,11,solver_cli,65891,65891,4
3290425,52367412322232,11,gcc_reference,68474,68474,7
3291528,52367142211121,11,solver_cli,73029,73029,6
3291528,52367142211121,11,gcc_reference,74597,74597,8
3293152,52167342121232,11,solver_cli,63373,63373,9
3293152,52167342121232,11,gcc_reference,65703,65703,8
3294125,42167532131333,11,solver_cli,65715,65715,8
3294125,42167532131333,11,gcc_reference,68106,68106,9
3295830,42367153111121,11,solver_cli,65653,65653,7
3295830,42367153111121,11,gcc_reference,67671,67671,9
3295911,42367153211123,11,solver_cli,65827,65827,8
3295911,42367153211123,11,gcc_reference,68025,68025,9
3298895,12367541331131,11,solver_cli,68799,68799,8
3298895,12367541331131,11,gcc_reference,71088,71088,9
3298995,12367541112212,11,solver_cli,65452,65452,5
3298995,12367541112212,11,gcc_reference,67845,67845,4
3299271,12367541113331,11,solver_cli,65819,65819,4
3299271,12367541113331,11,gcc_reference,68243,68243,6
3300074,12567433232333,11,solver_cli,65875,65875,6
3300074,12567433232333,11,gcc_reference,68465,68465,7
3300458,12367451132222,11,solver_cli,68595,68595,7
3300458,12367451132222,11,gcc_reference,70668,70668,5
3300474,12367453112222,11,solver_cli,69934,69934,6
3300474,12367453112222,11,gcc_reference,71996,71996,5
3300618,12367451312222,11,solver_cli,71374,71374,7
3300618,12367451312222,11,gcc_reference,73645,73645,6
3300730,12367451123333,11,solver_cli,69705,69705,6
3300730,12367451123333,11,gcc_reference,71812,71812,4
3300738,12367452113333,11,solver_cli,68518,68518,5
3300738,12367452113333,11,gcc_reference,70606,70606,4
3300810,12367451213333,11,solver_cli,71539,71539,5
3300810,12367451213333,11,gcc_reference,73783,73783,6
3301646,12467351131121,11,solver_cli,71587,71587,5
3301646,12467351131121,11,gcc_reference,73077,73077,4
3302213,12467351231321,11,solver_cli,68948,68948,4
3302213,12467351231321,11,gcc_reference,71270,71270,6
3304091,32567413131212,11,solver_cli,67826,67826,7
3304091,32567413131212,11,gcc_reference,70340,70340,6
3304111,32567412122222,11,solver_cli,67213,67213,5
3304111,32567412122222,11,gcc_reference,69732,69732,6
3304189,32567412222212,11,solver_cli,64616,64616,5
3304189,32567412222212,11,gcc_reference,67139,67139,7
3304325,32567412131312,11,solver_cli,62784,62784,8
3304325,32567412131312,11,gcc_reference,65258,65258,7
3304394,32567413133333,11,solver_cli,62570,62570,7
3304394,32567413133333,11,gcc_reference,65182,65182,4
3304557,32167451111111,11,solver_cli,66726,66726,4
3304557,32167451111111,11,gcc_reference,68977,68977,4
3304650,32167452211121,11,solver_cli,71556,71556,5
3304650,32167452211121,11,gcc_reference,73463,73463,8
3304775,32167451333111,11,solver_cli,71436,71436,8
3304775,32167451333111,11,gcc_reference,73353,73353,6
3304912,32167451222222,11,solver_cli,67614,67614,7
3304912,32167451222222,11,gcc_reference,69982,69982,5
3304987,32167453321232,11,solver_cli,70268,70268,7
3304987,32167453321232,11,gcc_reference,72482,72482,5
3304992,32167451312222,11,solver_cli,64853,64853,5
3304992,32167451312222,11,gcc_reference,67401,67401,6
3305170,32167453222313,11,solver_cli,70079,70079,5
3305170,32167453222313,11,gcc_reference,72323,72323,4
3305184,32167451213333,11,solver_cli,64802,64802,5
3305184,32167451213333,11,gcc_reference,67359,67359,7
3305283,32167453313333,11,solver_cli,67442,67442,8
3305283,32167453313333,11,gcc_reference,69866,69866,7
3311665,42137561123333,11,solver_cli,65249,65249,7
3311665,42137561123333,11,gcc_reference,67396,67396,9
3314813,42137653132121,11,solver_cli,64055,64055,10
3314813,42137653132121,11,gcc_reference,66593,66593,5
3314815,42137653122131,11,solver_cli,65539,65539,7
3314815,42137653122131,11,gcc_reference,68043,68043,4
3317141,12537461332112,11,solver_cli,73029,73029,10
3317141,12537461332112,11,gcc_reference,74603,74603,5
3317708,12637451132111,11,solver_cli,65589,65589,5
3317708,12637451132111,11,gcc_reference,67622,67622,7
3317870,12637451332112,11,solver_cli,65662,65662,7
3317870,12637451332112,11,gcc_reference,67889,67889,7
3327382,24157362323111,11,solver_cli,68067,68067,7
3327382,24157362323111,11,gcc_reference,70398,70398,5
3327615,24157361313212,11,solver_cli,67525,67525,4
3327615,24157361313212,11,gcc_reference,69768,69768,5
3334167,64357213312211,11,solver_cli,64840,64840,6
3334167,64357213312211,11,gcc_reference,67307,67307,5
3334185,64357212313211,11,solver_cli,68068,68068,6
3334185,64357212313211,11,gcc_reference,70288,70288,6
3334307,64357213231322,11,solver_cli,68164,68164,5
3334307,64357213231322,11,gcc_reference,70550,70550,7
3334746,64257131113223,11,solver_cli,65840,65840,4
3334746,64257131113223,11,gcc_reference,68140,68140,7
3336932,64157321133212,11,solver_cli,70825,70825,8
3336932,64157321133212,11,gcc_reference,72902,72902,8
3343448,54127632131213,11,solver_cli,66031,66031,9
3343448,54127632131213,11,gcc_reference,68361,68361,6
3343457,54127633131212,11,solver_cli,66368,66368,7
3343457,54127633131212,11,gcc_reference,69005,69005,4
3343555,54127632222212,11,solver_cli,66089,66089,6
3343555,54127632222212,11,gcc_reference,68501,68501,6
3343760,54127633133333,11,solver_cli,63354,63354,5
3343760,54127633133333,11,gcc_reference,65693,65693,7
3343916,54127633333313,11,solver_cli,66131,66131,7
3343916,54127633333313,11,gcc_reference,68686,68686,8
3344317,54327612223232,11,solver_cli,66649,66649,8
3344317,54327612223232,11,gcc_reference,69135,69135,4
3347655,14527631211131,11,solver_cli,64775,64775,4
3347655,14527631211131,11,gcc_reference,67156,67156,7
3347685,14527632212111,11,solver_cli,67904,67904,9
3347685,14527632212111,11,gcc_reference,70090,70090,10
3347733,14527631311121,11,solver_cli,63980,63980,5
3347733,14527631311121,11,gcc_reference,66387,66387,9
3347781,14527633312133,11,solver_cli,64749,64749,9
3347781,14527633312133,11,gcc_reference,67323,67323,7
3347813,14527631131211,11,solver_cli,66826,66826,7
3347813,14527631131211,11,gcc_reference,69098,69098,5
3347848,14527632122213,11,solver_cli,62730,62730,8
3347848,14527632122213,11,gcc_reference,64975,64975,8
3348055,14527631121311,11,solver_cli,66133,66133,8
3348055,14527631121311,11,gcc_reference,68311,68311,9
3348104,14527633132322,11,solver_cli,69252,69252,9
3348104,14527633132322,11,gcc_reference,71079,71079,6
3348110,14527631133311,11,solver_cli,66983,66983,9
3348110,14527631133311,11,gcc_reference,68673,68673,9
3348287,14527632333332,11,solver_cli,70859,70859,8
3348287,14527632333332,11,gcc_reference,72788,72788,5
3348551,14327652131213,11,solver_cli,64414,64414,7
3348551,14327652131213,11,gcc_reference,66866,66866,7
3348559,14327653121213,11,solver_cli,65641,65641,8
3348559,14327653121213,11,gcc_reference,68178,68178,8
3356192,34627512232313,11,solver_cli,68321,68321,8
3356192,34627512232313,11,gcc_reference,70668,70668,5
3357869,34527612231122,11,solver_cli,68718,68718,9
3357869,34527612231122,11,gcc_reference,70987,70987,8
3357987,34527613312133,11,solver_cli,68185,68185,6
3357987,34527613312133,11,gcc_reference,70333,70333,5
3358353,34527612211322,11,solver_cli,72991,72991,9
3358353,34527612211322,11,gcc_reference,75206,75206,4
3358358,34527612231332,11,solver_cli,69856,69856,10
3358358,34527612231332,11,gcc_reference,72145,72145,12
3358436,34527612331322,11,solver_cli,71622,71622,9
3358436,34527612331322,11,gcc_reference,73804,73804,9
3358504,34127651121113,11,solver_cli,64674,64674,9
3358504,34127651121113,11,gcc_reference,66892,66892,7
3358505,34127651131112,11,solver_cli,64229,64229,8
3358505,34127651131112,11,gcc_reference,66516,66516,8
3358638,34127651213111,11,solver_cli,63384,63384,8
3358638,34127651213111,11,gcc_reference,65777,65777,8
3358692,34127651312111,11,solver_cli,66402,66402,5
3358692,34127651312111,11,gcc_reference,68900,68900,6
3358764,34127653111211,11,solver_cli,66730,66730,5
3358764,34127653111211,11,gcc_reference,68907,68907,8
3358998,34127652111311,11,solver_cli,68310,68310,9
3358998,34127652111311,11,gcc_reference,70637,70637,8
3360015,54317261113112,11,solver_cli,64971,64971,9
3360015,54317261113112,11,gcc_reference,67567,67567,5
3360971,54217632132212,11,solver_cli,67182,67182,4
3360971,54217632132212,11,gcc_reference,69532,69532,5
3361665,54317621111222,11,solver_cli,66994,66994,6
3361665,54317621111222,11,gcc_reference,69612,69612,7
3362537,54217362233213,11,solver_cli,66845,66845,7
3362537,54217362233213,11,gcc_reference,69138,69138,6
3364241,24617532233321,11,solver_cli,67223,67223,4
3364241,24617532233321,11,gcc_reference,69509,69509,6
3373666,34617522221333,11,solver_cli,66658,66658,7
3373666,34617522221333,11,gcc_reference,69010,69010,5
3374793,34617252111212,11,solver_cli,67184,67184,4
3374793,34617252111212,11,gcc_reference,69468,69468,7
3374822,34617252132212,11,solver_cli,66633,66633,7
3374822,34617252132212,11,gcc_reference,68612,68612,7
3374848,34617252123212,11,solver_cli,68968,68968,7
3374848,34617252123212,11,gcc_reference,71005,71005,7
3375851,34517622231323,11,solver_cli,65112,65112,8
3375851,34517622231323,11,gcc_reference,67560,67560,7
3376729,54167231121113,11,solver_cli,64027,64027,9
3376729,54167231121113,11,gcc_reference,66408,66408,6
3376730,54167231131112,11,solver_cli,65449,65449,9
3376730,54167231131112,11,gcc_reference,67913,67913,5
3376764,54167232112112,11,solver_cli,66742,66742,7
3376764,54167232112112,11,gcc_reference,68719,68719,7
3376955,54167232333113,11,solver_cli,64971,64971,7
3376955,54167232333113,11,gcc_reference,67613,67613,7
3377053,54167231221211,11,solver_cli,68822,68822,5
3377053,54167231221211,11,gcc_reference,70891,70891,7
3377153,54167233331213,11,solver_cli,67734,67734,8
3377153,54167233331213,11,gcc_reference,70125,70125,6
3377189,54167231333213,11,solver_cli,64897,64897,7
3377189,54167231333213,11,gcc_reference,67542,67542,8
3377279,54167232133313,11,solver_cli,63303,63303,4
3377279,54167232133313,11,gcc_reference,65644,65644,5
3377348,54167233232333,11,solver_cli,65824,65824,8
3377348,54167233232333,11,gcc_reference,67958,67958,8
3377552,54367212231122,11,solver_cli,69788,69788,8
3377552,54367212231122,11,gcc_reference,71787,71787,8
3377572,54367211222132,11,solver_cli,69680,69680,5
3377572,54367211222132,11,gcc_reference,71501,71501,5
3377670,54367213312133,11,solver_cli,70672,70672,7
3377670,54367213312133,11,gcc_reference,72919,72919,7
3377684,54367212333113,11,solver_cli,69038,69038,5
3377684,54367212333113,11,gcc_reference,70970,70970,6
3377732,54367211132222,11,solver_cli,73000,73000,7
3377732,54367211132222,11,gcc_reference,75106,75106,5
3377748,54367213112222,11,solver_cli,70348,70348,7
3377748,54367213112222,11,gcc_reference,72483,72483,6
3377846,54367212233213,11,solver_cli,67730,67730,7
3377846,54367212233213,11,gcc_reference,69458,69458,9
3377900,54367212332213,11,solver_cli,73470,73470,10
3377900,54367212332213,11,gcc_reference,75349,75349,5
3377918,54367211333213,11,solver_cli,72672,72672,8
3377918,54367211333213,11,gcc_reference,74683,74683,5
3378036,54367212211322,11,solver_cli,69103,69103,8
3378036,54367212211322,11,gcc_reference,71208,71208,9
3378084,54367211213333,11,solver_cli,68758,68758,8
3378084,54367211213333,11,gcc_reference,70931,70931,7
3379008,54367122211121,11,solver_cli,66816,66816,8
3379008,54367122211121,11,gcc_reference,69089,69089,9
3379086,54367122311111,11,solver_cli,70005,70005,5
3379086,54367122311111,11,gcc_reference,72121,72121,9
3379095,54367123311113,11,solver_cli,66022,66022,9
3379095,54367123311113,11,gcc_reference,68432,68432,9
3379185,54367121112212,11,solver_cli,62008,62008,5
3379185,54367121112212,11,gcc_reference,64197,64197,8
3379212,54367121113211,11,solver_cli,67233,67233,5
3379212,54367121113211,11,gcc_reference,69440,69440,7
3379461,54367121113331,11,solver_cli,65298,65298,8
3379461,54367121113331,11,gcc_reference,67551,67551,8
3381852,24367513111121,11,solver_cli,68107,68107,4
3381852,24367513111121,11,gcc_reference,70449,70449,8
3382048,24367511323112,11,solver_cli,66933,66933,7
3382048,24367511323112,11,gcc_reference,69114,69114,8
3385043,24167353132232,11,solver_cli,66625,66625,8
3385043,24167353132232,11,gcc_reference,68832,68832,8
3386385,14367523311113,11,solver_cli,72715,72715,6
3386385,14367523311113,11,gcc_reference,74253,74253,8
3387100,14567231321123,11,solver_cli,67126,67126,8
3387100,14567231321123,11,gcc_reference,69653,69653,8
3387366,14567231312213,11,solver_cli,64559,64559,6
3387366,14567231312213,11,gcc_reference,67312,67312,5
3388111,14367252322232,11,solver_cli,67672,67672,9
3388111,14367252322232,11,gcc_reference,69920,69920,9
3389773,14267351321321,11,solver_cli,68079,68079,8
3389773,14267351321321,11,gcc_reference,70724,70724,5
3391702,34567212223232,11,solver_cli,66943,66943,9
3391702,34567212223232,11,gcc_reference,69303,69303,9
3392670,34167252213323,11,solver_cli,64483,64483,9
3392670,34167252213323,11,gcc_reference,67146,67146,3
3394982,54637211132111,11,solver_cli,65971,65971,9
3394982,54637211132111,11,gcc_reference,68346,68346,5
3399504,24637512311132,11,solver_cli,68257,68257,4
3399504,24637512311132,11,gcc_reference,70320,70320,7
3402104,24537613231322,11,solver_cli,65265,65265,6
3402104,24537613231322,11,gcc_reference,67603,67603,7
3406469,14537622231323,11,solver_cli,69778,69778,5
3406469,14537622231323,11,gcc_reference,72161,72161,12
3412620,21357462311111,11,solver_cli,66330,66330,11
3412620,21357462311111,11,gcc_reference,68525,68525,11
3413094,21357463213331,11,solver_cli,65805,65805,11
3413094,21357463213331,11,gcc_reference,68108,68108,5
3413344,21457631321123,11,solver_cli,67555,67555,4
3413344,21457631321123,11,gcc_reference,69784,69784,7
3414004,21357642221132,11,solver_cli,68095,68095,7
3414004,21357642221132,11,gcc_reference,69988,69988,5
3418506,41357622313112,11,solver_cli,68044,68044,7
3418506,41357622313112,11,gcc_reference,70108,70108,8
3420334,41657321222312,11,solver_cli,68180,68180,5
3420334,41657321222312,11,gcc_reference,70346,70346,8
3423515,61257343232123,11,solver_cli,65708,65708,8
3423515,61257343232123,11,gcc_reference,68136,68136,5
3426664,31257462222221,11,solver_cli,65852,65852,8
3426664,31257462222221,11,gcc_reference,68248,68248,7
3426984,31257462312311,11,solver_cli,66009,66009,5
3426984,31257462312311,11,gcc_reference,68374,68374,7
3427941,31257643311122,11,solver_cli,68286,68286,8
3427941,31257643311122,11,gcc_reference,70338,70338,8
3439422,61527431111111,11,solver_cli,63779,63779,8
3439422,61527431111111,11,gcc_reference,66453,66453,5
3445108,31627452221333,11,solver_cli,65099,65099,7
3445108,31627452221333,11,gcc_reference,67576,67576,8
3445466,31527643332122,11,solver_cli,64773,64773,7
3445466,31527643332122,11,gcc_reference,66936,66936,6
3447015,51647231113232,11,solver_cli,66826,66826,8
3447015,51647231113232,11,gcc_reference,69115,69115,5
3452502,21347562312323,11,solver_cli,65516,65516,8
3452502,21347562312323,11,gcc_reference,67599,67599,5
3463782,31247651113232,11,solver_cli,64618,64618,9
3463782,31247651113232,11,gcc_reference,67117,67117,9
3463945,31247651323232,11,solver_cli,69605,69605,9
3463945,31247651323232,11,gcc_reference,71981,71981,9
3465018,51367241211113,11,solver_cli,67243,67243,9
3465018,51367241211113,11,gcc_reference,69630,69630,5
3467571,51267342312233,11,solver_cli,63729,63729,6
3467571,51267342312233,11,gcc_reference,65936,65936,4
3470805,21367452112112,11,solver_cli,69074,69074,9
3470805,21367452112112,11,gcc_reference,71506,71506,7
3471423,21367451311331,11,solver_cli,68909,68909,9
3471423,21367451311331,11,gcc_reference,71156,71156,4
3475167,41367253111133,11,solver_cli,71698,71698,4
3475167,41367253111133,11,gcc_reference,73287,73287,8
3477561,31267542313133,11,solver_cli,68929,68929,7
3477561,31267542313133,11,gcc_reference,70787,70787,8
3477697,31267542222233,11,solver_cli,70312,70312,8
3477697,31267542222233,11,gcc_reference,72181,72181,10
3490674,41237561313131,11,solver_cli,67653,67653,8
3490674,41237561313131,11,gcc_reference,70030,70030,8
3504059,46157233333232,11,solver_cli,68292,68292,8
3504059,46157233333232,11,gcc_reference,70642,70642,8
3505128,46257132211133,11,solver_cli,68152,68152,8
3505128,46257132211133,11,gcc_reference,70237,70237,7
3506940,46257313312211,11,solver_cli,67135,67135,7
3506940,46257313312211,11,gcc_reference,69444,69444,7
3507632,46157321331233,11,solver_cli,66573,66573,4
3507632,46157321331233,11,gcc_reference,68932,68932,8
3509435,16257431132111,11,solver_cli,68021,68021,7
3509435,16257431132111,11,gcc_reference,70381,70381,6
3509563,16257433223123,11,solver_cli,66897,66897,5
3509563,16257433223123,11,gcc_reference,69082,69082,6
3510271,16357421223113,11,solver_cli,72763,72763,7
3510271,16357421223113,11,gcc_reference,74293,74293,7
3517394,56127433332323,11,solver_cli,66879,66879,6
3517394,56127433332323,11,gcc_reference,69248,69248,7
3517578,56327413213112,11,solver_cli,66932,66932,4
3517578,56327413213112,11,gcc_reference,69497,69497,8
3517998,56327411211332,11,solver_cli,64551,64551,4
3517998,56327411211332,11,gcc_reference,67302,67302,8
3522549,46527133111121,11,solver_cli,65854,65854,8
3522549,46527133111121,11,gcc_reference,68255,68255,8
3525203,46127351131313,11,solver_cli,69120,69120,7
3525203,46127351131313,11,gcc_reference,71132,71132,5
3525218,46127352131333,11,solver_cli,66834,66834,8
3525218,46127352131333,11,gcc_reference,69181,69181,8
3525224,46127353131323,11,solver_cli,66920,66920,8
3525224,46127353131323,11,gcc_reference,68847,68847,8
3525920,16427532333233,11,solver_cli,68097,68097,7
3525920,16427532333233,11,gcc_reference,70499,70499,4
3526011,16427531211311,11,solver_cli,68114,68114,5
3526011,16427531211311,11,gcc_reference,70336,70336,6
3526016,16427531231321,11,solver_cli,64886,64886,7
3526016,16427531231321,11,gcc_reference,67335,67335,5
3526997,16527432231122,11,solver_cli,68914,68914,7
3526997,16527432231122,11,gcc_reference,70864,70864,5
3527017,16527431222132,11,solver_cli,70528,70528,9
3527017,16527431222132,11,gcc_reference,72816,72816,5
3527115,16527433312133,11,solver_cli,69704,69704,6
3527115,16527433312133,11,gcc_reference,71513,71513,9
3527129,16527432333113,11,solver_cli,69636,69636,9
3527129,16527432333113,11,gcc_reference,71673,71673,9
3527337,16527431312222,11,solver_cli,68856,68856,9
3527337,16527431312222,11,gcc_reference,71007,71007,9
3527363,16527431333213,11,solver_cli,69088,69088,5
3527363,16527431333213,11,gcc_reference,71196,71196,9
3527449,16527431123333,11,solver_cli,70445,70445,9
3527449,16527431123333,11,gcc_reference,72570,72570,5
3527457,16527432113333,11,solver_cli,72831,72831,8
3527457,16527432113333,11,gcc_reference,74975,74975,8
3527481,16527432211322,11,solver_cli,72627,72627,6
3527481,16527432211322,11,gcc_reference,74634,74634,5
3527486,16527432231332,11,solver_cli,73517,73517,7
3527486,16527432231332,11,gcc_reference,75390,75390,9
3527564,16527432331322,11,solver_cli,67583,67583,5
3527564,16527432331322,11,gcc_reference,69339,69339,8
3528251,16327453232333,11,solver_cli,67643,67643,9
3528251,16327453232333,11,gcc_reference,69900,69900,8
3528360,16527341111111,11,solver_cli,65059,65059,4
3528360,16527341111111,11,gcc_reference,67630,67630,9
3531284,36527411131133,11,solver_cli,66758,66758,4
3531284,36527411131133,11,gcc_reference,68737,68737,5
3531285,36527412111113,11,solver_cli,65445,65445,7
3531285,36527412111113,11,gcc_reference,67918,67918,7
3531294,36527413111112,11,solver_cli,63951,63951,7
3531294,36527413111112,11,gcc_reference,66359,66359,7
3531371,36527412231122,11,solver_cli,64794,64794,6
3531371,36527412231122,11,gcc_reference,67455,67455,8
3531533,36527412131222,11,solver_cli,63395,63395,7
3531533,36527412131222,11,gcc_reference,65720,65720,8
3531724,36527412322232,11,solver_cli,65532,65532,8
3531724,36527412322232,11,gcc_reference,67719,67719,8
3531853,36527412221312,11,solver_cli,67944,67944,6
3531853,36527412221312,11,gcc_reference,70267,70267,8
3531855,36527412211322,11,solver_cli,65028,65028,9
3531855,36527412211322,11,gcc_reference,67647,67647,8
3531942,36527413311311,11,solver_cli,69012,69012,8
3531942,36527413311311,11,gcc_reference,71051,71051,8
3532469,36127451333222,11,solver_cli,64450,64450,8
3532469,36127451333222,11,gcc_reference,67121,67121,6
3534307,56147231222132,11,solver_cli,68219,68219,6
3534307,56147231222132,11,gcc_reference,70366,70366,7
3534419,56147232333113,11,solver_cli,68906,68906,8
3534419,56147232333113,11,gcc_reference,71147,71147,6
3534581,56147232233213,11,solver_cli,71342,71342,8
3534581,56147232233213,11,gcc_reference,73579,73579,8
3534635,56147232332213,11,solver_cli,69716,69716,6
3534635,56147232332213,11,gcc_reference,72026,72026,8
3534653,56147231333213,11,solver_cli,73151,73151,8
3534653,56147231333213,11,gcc_reference,75344,75344,8
3535036,56347211222132,11,solver_cli,64796,64796,5
3535036,56347211222132,11,gcc_reference,67374,67374,8
3535056,56347211213111,11,solver_cli,64033,64033,8
3535056,56347211213111,11,gcc_reference,66417,66417,8
3535091,56347211331131,11,solver_cli,67933,67933,8
3535091,56347211331131,11,gcc_reference,70110,70110,7
3535110,56347211312111,11,solver_cli,64757,64757,7
3535110,56347211312111,11,gcc_reference,67128,67128,9
3535176,56347212111221,11,solver_cli,66925,66925,9
3535176,56347212111221,11,gcc_reference,68626,68626,5
3535182,56347213111211,11,solver_cli,65998,65998,9
3535182,56347213111211,11,gcc_reference,68211,68211,9
3535234,56347212123233,11,solver_cli,69516,69516,9
3535234,56347212123233,11,gcc_reference,71289,71289,9
3535286,56347212232223,11,solver_cli,71093,71093,6
3535286,56347212232223,11,gcc_reference,72970,72970,9
3535416,56347212111311,11,solver_cli,66646,66646,8
3535416,56347212111311,11,gcc_reference,68951,68951,7
3535433,56347213131332,11,solver_cli,62754,62754,5
3535433,56347213131332,11,gcc_reference,64997,64997,9
3536126,56247132333233,11,solver_cli,65035,65035,7
3536126,56247132333233,11,gcc_reference,67399,67399,7
3536855,56347122333233,11,solver_cli,69498,69498,5
3536855,56347122333233,11,gcc_reference,71945,71945,9
3538313,56147322333233,11,solver_cli,65115,65115,9
3538313,56147322333233,11,gcc_reference,67577,67577,4
3541991,26547313131323,11,solver_cli,67247,67247,6
3541991,26547313131323,11,gcc_reference,69587,69587,5
3545096,16547233332323,11,solver_cli,66767,66767,9
3545096,16547233332323,11,gcc_reference,69224,69224,8
3545624,16347252131312,11,solver_cli,64384,64384,7
3545624,16347252131312,11,gcc_reference,66846,66846,4
3545632,16347253121312,11,solver_cli,65428,65428,5
3545632,16347253121312,11,gcc_reference,68006,68006,4
3546402,16547321113331,11,solver_cli,66998,66998,6
3546402,16547321113331,11,gcc_reference,69607,69607,6
3549055,36547212122222,11,solver_cli,63347,63347,6
3549055,36547212122222,11,gcc_reference,65688,65688,5
3549109,36547212221222,11,solver_cli,65883,65883,5
3549109,36547212221222,11,gcc_reference,68482,68482,6
3549268,36547212121313,11,solver_cli,66220,66220,6
3549268,36547212121313,11,gcc_reference,68882,68882,7
3549269,36547212131312,11,solver_cli,65966,65966,5
3549269,36547212131312,11,gcc_reference,68307,68307,7
3549446,36547213331333,11,solver_cli,66047,66047,5
3549446,36547213331333,11,gcc_reference,68462,68462,6
3549510,36147252111113,11,solver_cli,64302,64302,6
3549510,36147252111113,11,gcc_reference,66573,66573,7
3549519,36147253111112,11,solver_cli,64610,64610,7
3549519,36147253111112,11,gcc_reference,66837,66837,5
3549588,36147251211131,11,solver_cli,66380,66380,4
3549588,36147251211131,11,gcc_reference,68888,68888,7
3549666,36147251311121,11,solver_cli,63454,63454,5
3549666,36147251311121,11,gcc_reference,65823,65823,7
3549746,36147251131211,11,solver_cli,68309,68309,7
3549746,36147251131211,11,gcc_reference,70640,70640,7
3549988,36147251121311,11,solver_cli,66657,66657,6
3549988,36147251121311,11,gcc_reference,68853,68853,5
3558600,26317451212211,11,solver_cli,68121,68121,5
3558600,26317451212211,11,gcc_reference,70761,70761,7
3559700,26517343333313,11,solver_cli,66741,66741,8
3559700,26517343333313,11,gcc_reference,69062,69062,8
3564963,36217543213112,11,solver_cli,68068,68068,8
3564963,36217543213112,11,gcc_reference,70413,70413,4
3565432,36217541223311,11,solver_cli,67654,67654,5
3565432,36217541223311,11,gcc_reference,69882,69882,13
3566089,36417522123311,11,solver_cli,71055,71055,14
3566089,36417522123311,11,gcc_reference,73086,73086,13
3568958,36217452131333,11,solver_cli,66393,66393,12
3568958,36217452131333,11,gcc_reference,68646,68646,5
3574081,26437512122312,11,solver_cli,65724,65724,6
3574081,26437512122312,11,gcc_reference,68044,68044,7
3585358,16537421223113,11,solver_cli,66050,66050,7
3585358,16537421223113,11,gcc_reference,68450,68450,7
3585359,16537421233112,11,solver_cli,70207,70207,7
3585359,16537421233112,11,gcc_reference,72285,72285,5
3585413,16537421332112,11,solver_cli,66778,66778,4
3585413,16537421332112,11,gcc_reference,69064,69064,7
3585468,16537421111222,11,solver_cli,65292,65292,9
3585468,16537421111222,11,gcc_reference,67543,67543,9
3585765,16537421113322,11,solver_cli,67337,67337,6
3585765,16537421113322,11,gcc_reference,69529,69529,8
3585768,16537421113331,11,solver_cli,62017,62017,9
3585768,16537421113331,11,gcc_reference,64192,64192,9
3586694,23157462131123,11,solver_cli,68885,68885,9
3586694,23157462131123,11,gcc_reference,70750,70750,8
3587255,23157461231333,11,solver_cli,70243,70243,10
3587255,23157461231333,11,gcc_reference,72123,72123,10
3588877,23657142121112,11,solver_cli,67524,67524,8
3588877,23657142121112,11,gcc_reference,69919,69919,9
3598620,13257641112233,11,solver_cli,65491,65491,9
3598620,13257641112233,11,gcc_reference,67571,67571,5
3612153,43527612312323,11,solver_cli,66874,66874,10
3612153,43527612312323,11,gcc_reference,69152,69152,8
3614463,13527461211113,11,solver_cli,67046,67046,9
3614463,13527461211113,11,gcc_reference,69472,69472,8
3615302,13627451332112,11,solver_cli,71578,71578,8
3615302,13627451332112,11,gcc_reference,73191,73191,8
3621742,53147262123131,11,solver_cli,65009,65009,8
3621742,53147262123131,11,gcc_reference,67129,67129,8
3626116,23147562123131,11,solver_cli,68360,68360,7
3626116,23147562123131,11,gcc_reference,70405,70405,6
3630207,23147651112323,11,solver_cli,69539,69539,9
3630207,23147651112323,11,gcc_reference,71916,71916,6
3630378,23147652312323,11,solver_cli,64523,64523,9
3630378,23147652312323,11,gcc_reference,67051,67051,6
3630552,13247563212131,11,solver_cli,68029,68029,9
3630552,13247563212131,11,gcc_reference,69932,69932,5
3631149,13647521111111,11,solver_cli,67898,67898,9
3631149,13647521111111,11,gcc_reference,69979,69979,8
3634855,63247511123132,11,solver_cli,67316,67316,4
3634855,63247511123132,11,gcc_reference,69586,69586,7
3643673,23417563232123,11,solver_cli,65738,65738,9
3643673,23417563232123,11,gcc_reference,68164,68164,4
3645503,23517462131333,11,solver_cli,63568,63568,7
3645503,23517462131333,11,gcc_reference,65806,65806,5
3649027,43617521223221,11,solver_cli,68033,68033,7
3649027,43617521223221,11,gcc_reference,70231,70231,7
3656827,53467211321111,11,solver_cli,63784,63784,6
3656827,53467211321111,11,gcc_reference,66466,66466,5
3662024,23167542131222,11,solver_cli,66002,66002,7
3662024,23167542131222,11,gcc_reference,68374,68374,7
3662393,23167541233322,11,solver_cli,65927,65927,5
3662393,23167541233322,11,gcc_reference,68313,68313,7
3667952,43167251232212,11,solver_cli,64983,64983,7
3667952,43167251232212,11,gcc_reference,67480,67480,7
3669792,13267541111132,11,solver_cli,66211,66211,6
3669792,13267541111132,11,gcc_reference,68428,68428,7
3670139,13267541232212,11,solver_cli,65822,65822,7
3670139,13267541232212,11,gcc_reference,68132,68132,7
3673599,13267451311133,11,solver_cli,69356,69356,8
3673599,13267451311133,11,gcc_reference,71733,71733,7
3673702,13267451122211,11,solver_cli,69099,69099,11
3673702,13267451122211,11,gcc_reference,71312,71312,7
